-- phpMyAdmin SQL Dump
-- version 4.6.5.2
-- https://www.phpmyadmin.net/
--
-- Host: 127.0.0.1
-- Generation Time: Oct 10, 2020 at 06:35 AM
-- Server version: 10.1.21-MariaDB
-- PHP Version: 5.6.30

SET SQL_MODE = "NO_AUTO_VALUE_ON_ZERO";
SET time_zone = "+00:00";


/*!40101 SET @OLD_CHARACTER_SET_CLIENT=@@CHARACTER_SET_CLIENT */;
/*!40101 SET @OLD_CHARACTER_SET_RESULTS=@@CHARACTER_SET_RESULTS */;
/*!40101 SET @OLD_COLLATION_CONNECTION=@@COLLATION_CONNECTION */;
/*!40101 SET NAMES utf8mb4 */;

--
-- Database: `agrovet`
--

-- --------------------------------------------------------

--
-- Table structure for table `category`
--

CREATE TABLE `category` (
  `id` int(11) NOT NULL,
  `name` varchar(499) COLLATE utf8_unicode_ci NOT NULL,
  `created_user_id` int(11) NOT NULL,
  `created_datetime` datetime NOT NULL,
  `updated_user_id` int(11) NOT NULL,
  `updated_datetime` datetime NOT NULL,
  `status` int(1) NOT NULL
) ENGINE=MyISAM DEFAULT CHARSET=utf8 COLLATE=utf8_unicode_ci;

--
-- Dumping data for table `category`
--

INSERT INTO `category` (`id`, `name`, `created_user_id`, `created_datetime`, `updated_user_id`, `updated_datetime`, `status`) VALUES
(9, 'Fertilizer', 1, '2020-09-11 17:40:09', 0, '0000-00-00 00:00:00', 1),
(10, 'Seeds', 1, '2020-09-11 17:40:12', 0, '0000-00-00 00:00:00', 1),
(11, 'Maize', 1, '2020-09-11 17:40:29', 0, '0000-00-00 00:00:00', 1),
(12, 'Items', 1, '2020-09-11 17:40:38', 0, '0000-00-00 00:00:00', 1);

-- --------------------------------------------------------

--
-- Table structure for table `ci_sessions`
--

CREATE TABLE `ci_sessions` (
  `id` varchar(40) COLLATE utf8_unicode_ci NOT NULL,
  `ip_address` varchar(45) COLLATE utf8_unicode_ci NOT NULL,
  `timestamp` int(10) UNSIGNED NOT NULL DEFAULT '0',
  `data` blob NOT NULL
) ENGINE=MyISAM DEFAULT CHARSET=utf8 COLLATE=utf8_unicode_ci;

--
-- Dumping data for table `ci_sessions`
--

INSERT INTO `ci_sessions` (`id`, `ip_address`, `timestamp`, `data`) VALUES
('254b9e8e8d9dd9e83c74416f9f2eab46', '197.232.21.109', 1599741273, 0x5f5f63695f6c6173745f726567656e65726174657c693a313539393734313237333b),
('7413c086e0adcdfe5d7f8226d5e95024', '197.232.21.109', 1599741277, 0x5f5f63695f6c6173745f726567656e65726174657c693a313539393734313237373b),
('4c43a02ab0d0ef1ae9a2f0c21bfba6fb', '197.232.21.109', 1599741283, 0x5f5f63695f6c6173745f726567656e65726174657c693a313539393734313238333b73657373696f6e69647c733a333a22706f73223b757365725f69647c733a313a2231223b757365725f656d61696c7c733a31353a226f776e657240676d61696c2e636f6d223b757365725f726f6c657c733a313a2231223b757365725f6f75746c65747c733a313a2230223b),
('c7d5a5b10d730931a9095f431c72d637', '197.232.21.109', 1599741288, 0x5f5f63695f6c6173745f726567656e65726174657c693a313539393734313238383b73657373696f6e69647c733a333a22706f73223b757365725f69647c733a313a2231223b757365725f656d61696c7c733a31353a226f776e657240676d61696c2e636f6d223b757365725f726f6c657c733a313a2231223b757365725f6f75746c65747c733a313a2230223b),
('32482a427900b8e0ffb22d21ff28e49c', '197.232.21.109', 1599741386, 0x5f5f63695f6c6173745f726567656e65726174657c693a313539393734313338363b73657373696f6e69647c733a333a22706f73223b757365725f69647c733a313a2231223b757365725f656d61696c7c733a31353a226f776e657240676d61696c2e636f6d223b757365725f726f6c657c733a313a2231223b757365725f6f75746c65747c733a313a2230223b),
('2947c29e85498e21b51b06611ea274ac38121cff', '197.232.21.109', 1599741478, 0x5f5f63695f6c6173745f726567656e65726174657c693a313539393734313432323b73657373696f6e69647c733a333a22706f73223b757365725f69647c733a313a2231223b757365725f656d61696c7c733a31353a226f776e657240676d61696c2e636f6d223b757365725f726f6c657c733a313a2231223b757365725f6f75746c65747c733a313a2230223b),
('9e08c6678e4892f1f42a067cf415917645ec0a7c', '154.157.250.65', 1599745117, 0x5f5f63695f6c6173745f726567656e65726174657c693a313539393734343938393b73657373696f6e69647c733a333a22706f73223b757365725f69647c733a313a2231223b757365725f656d61696c7c733a31353a226f776e657240676d61696c2e636f6d223b757365725f726f6c657c733a313a2231223b757365725f6f75746c65747c733a313a2230223b),
('a53b10a948ae401b9c3a78a10bf476a2d0fa9d2e', '197.232.21.109', 1599747571, 0x5f5f63695f6c6173745f726567656e65726174657c693a313539393734373536303b73657373696f6e69647c733a333a22706f73223b757365725f69647c733a313a2231223b757365725f656d61696c7c733a31353a226f776e657240676d61696c2e636f6d223b757365725f726f6c657c733a313a2231223b757365725f6f75746c65747c733a313a2230223b),
('74b78894045584edef38f5ceebfbdfdf59de4d8e', '197.232.21.109', 1599749370, 0x5f5f63695f6c6173745f726567656e65726174657c693a313539393734393336343b73657373696f6e69647c733a333a22706f73223b757365725f69647c733a313a2231223b757365725f656d61696c7c733a31353a226f776e657240676d61696c2e636f6d223b757365725f726f6c657c733a313a2231223b757365725f6f75746c65747c733a313a2230223b),
('40dc0df3b027f16fa7832c8648812b73954b70e2', '197.232.21.109', 1599750023, 0x5f5f63695f6c6173745f726567656e65726174657c693a313539393734393733343b73657373696f6e69647c733a333a22706f73223b757365725f69647c733a313a2231223b757365725f656d61696c7c733a31353a226f776e657240676d61696c2e636f6d223b757365725f726f6c657c733a313a2231223b757365725f6f75746c65747c733a313a2230223b616c6572745f6d73677c613a333a7b693a303b733a373a2273756363657373223b693a313b733a31353a22416464204e65772050726f64756374223b693a323b733a34333a225375636365737366756c6c79204164646564204e65772050726f64756374203a206c6966656379636c652e223b7d5f5f63695f766172737c613a313a7b733a393a22616c6572745f6d7367223b733a333a226f6c64223b7d),
('2ff5161ebc0eac27f5cc4679fe6502cc736b5a12', '197.232.21.109', 1599750318, 0x5f5f63695f6c6173745f726567656e65726174657c693a313539393735303033383b73657373696f6e69647c733a333a22706f73223b757365725f69647c733a313a2231223b757365725f656d61696c7c733a31353a226f776e657240676d61696c2e636f6d223b757365725f726f6c657c733a313a2231223b757365725f6f75746c65747c733a313a2230223b),
('19a36c3457ac16254f61fea5ef499fdc452c6092', '197.232.21.109', 1599752838, 0x5f5f63695f6c6173745f726567656e65726174657c693a313539393735323831383b73657373696f6e69647c733a333a22706f73223b757365725f69647c733a313a2231223b757365725f656d61696c7c733a31353a226f776e657240676d61696c2e636f6d223b757365725f726f6c657c733a313a2231223b757365725f6f75746c65747c733a313a2230223b),
('5f5210497159954197eafe47bf4eb223d2a3cb4a', '105.166.77.94', 1599759101, 0x5f5f63695f6c6173745f726567656e65726174657c693a313539393735393130313b),
('d44e947161ebcbd24b0a209e341f979d7050e06a', '196.106.108.98', 1599798452, 0x5f5f63695f6c6173745f726567656e65726174657c693a313539393739383331323b73657373696f6e69647c733a333a22706f73223b757365725f69647c733a313a2231223b757365725f656d61696c7c733a31353a226f776e657240676d61696c2e636f6d223b757365725f726f6c657c733a313a2231223b757365725f6f75746c65747c733a313a2230223b),
('3b680e074e0c1d858b3016eb281bf5b1dc077e4c', '179.43.169.182', 1599824340, 0x5f5f63695f6c6173745f726567656e65726174657c693a313539393832343334303b),
('2b6484b57816254aad7d32cc10c8a95af7d9d58e', '179.43.169.182', 1599824340, 0x5f5f63695f6c6173745f726567656e65726174657c693a313539393832343334303b),
('84c193317273fc86d5c4bd099949b491c2d1dd9c', '205.251.139.166', 1599824404, 0x5f5f63695f6c6173745f726567656e65726174657c693a313539393832343430343b),
('2a0ca66af5e214da3a8da3a77b24834a3b66c61e', '69.164.111.198', 1599824410, 0x5f5f63695f6c6173745f726567656e65726174657c693a313539393832343431303b),
('fc457b4be64754ed58b34c2ecf10099572c10eb9', '69.164.111.198', 1599824410, 0x5f5f63695f6c6173745f726567656e65726174657c693a313539393832343431303b),
('927fe05ace5b04cf5444e562ea640e46d467c7b3', '69.164.111.198', 1599824410, 0x5f5f63695f6c6173745f726567656e65726174657c693a313539393832343431303b),
('e48b9e9dfa3736d6fa2ec0cd0fbddd538c0e00af', '69.164.111.198', 1599824410, 0x5f5f63695f6c6173745f726567656e65726174657c693a313539393832343431303b),
('a24e31804332b0ec89c52add6c823bf3dc51c434', '69.164.111.198', 1599824410, 0x5f5f63695f6c6173745f726567656e65726174657c693a313539393832343431303b),
('072b9fb7a2c6c135f2d599f8d2bbb553e9a82a71', '69.164.111.198', 1599824410, 0x5f5f63695f6c6173745f726567656e65726174657c693a313539393832343431303b),
('21acb3f88c96a595ab1d6de393b3e22d2b0c9e23', '205.251.139.166', 1599824464, 0x5f5f63695f6c6173745f726567656e65726174657c693a313539393832343436343b),
('523bbcd958fc090d850cc8676a28d8f073e36781', '197.232.21.109', 1599835244, 0x5f5f63695f6c6173745f726567656e65726174657c693a313539393833343938343b73657373696f6e69647c733a333a22706f73223b757365725f69647c733a313a2231223b757365725f656d61696c7c733a31353a226f776e657240676d61696c2e636f6d223b757365725f726f6c657c733a313a2231223b757365725f6f75746c65747c733a313a2230223b),
('6c5b6eec883e46b115c140bc633194b7cfbe6e6a', '197.232.21.109', 1599835630, 0x5f5f63695f6c6173745f726567656e65726174657c693a313539393833353333323b73657373696f6e69647c733a333a22706f73223b757365725f69647c733a313a2231223b757365725f656d61696c7c733a31353a226f776e657240676d61696c2e636f6d223b757365725f726f6c657c733a313a2231223b757365725f6f75746c65747c733a313a2230223b616c6572745f6d73677c613a333a7b693a303b733a373a2273756363657373223b693a313b733a31353a22416464204e65772050726f64756374223b693a323b733a34323a225375636365737366756c6c79204164646564204e65772050726f64756374203a2065617365656432352e223b7d5f5f63695f766172737c613a313a7b733a393a22616c6572745f6d7367223b733a333a226f6c64223b7d),
('e052479d9b81a26dcde9060db0952e73ca8a1ed5', '197.232.21.109', 1599835855, 0x5f5f63695f6c6173745f726567656e65726174657c693a313539393833353635333b73657373696f6e69647c733a333a22706f73223b757365725f69647c733a313a2231223b757365725f656d61696c7c733a31353a226f776e657240676d61696c2e636f6d223b757365725f726f6c657c733a313a2231223b757365725f6f75746c65747c733a313a2230223b616c6572745f6d73677c613a333a7b693a303b733a373a2273756363657373223b693a313b733a31353a22416464204e65772050726f64756374223b693a323b733a34343a225375636365737366756c6c79204164646564204e65772050726f64756374203a206561737967726f7731302e223b7d5f5f63695f766172737c613a313a7b733a393a22616c6572745f6d7367223b733a333a226f6c64223b7d),
('8aa88211fcede13ffb048fd51928d0abfb5b23e4', '197.232.21.109', 1599836557, 0x5f5f63695f6c6173745f726567656e65726174657c693a313539393833363238393b73657373696f6e69647c733a333a22706f73223b757365725f69647c733a313a2231223b757365725f656d61696c7c733a31353a226f776e657240676d61696c2e636f6d223b757365725f726f6c657c733a313a2231223b757365725f6f75746c65747c733a313a2230223b616c6572745f6d73677c613a333a7b693a303b733a373a2273756363657373223b693a313b733a31353a22416464204e65772050726f64756374223b693a323b733a34343a225375636365737366756c6c79204164646564204e65772050726f64756374203a206d6174636830353074632e223b7d5f5f63695f766172737c613a313a7b733a393a22616c6572745f6d7367223b733a333a226f6c64223b7d),
('2bc426fa8d273b1a7e9fe3f743787a5e0894c616', '197.232.21.109', 1599836906, 0x5f5f63695f6c6173745f726567656e65726174657c693a313539393833363631363b73657373696f6e69647c733a333a22706f73223b757365725f69647c733a313a2231223b757365725f656d61696c7c733a31353a226f776e657240676d61696c2e636f6d223b757365725f726f6c657c733a313a2231223b757365725f6f75746c65747c733a313a2230223b616c6572745f6d73677c613a333a7b693a303b733a373a2273756363657373223b693a313b733a31353a22416464204e65772050726f64756374223b693a323b733a34363a225375636365737366756c6c79204164646564204e65772050726f64756374203a20736576696e647564753230302e223b7d5f5f63695f766172737c613a313a7b733a393a22616c6572745f6d7367223b733a333a226f6c64223b7d),
('dfd404d7625e2f6e81ac601c1ab07134c6f5b9e7', '197.232.21.109', 1599837227, 0x5f5f63695f6c6173745f726567656e65726174657c693a313539393833363933353b73657373696f6e69647c733a333a22706f73223b757365725f69647c733a313a2231223b757365725f656d61696c7c733a31353a226f776e657240676d61696c2e636f6d223b757365725f726f6c657c733a313a2231223b757365725f6f75746c65747c733a313a2230223b),
('11f1ffb8fbfa880182da497cac9ebbe981ed2fef', '197.232.21.109', 1599837520, 0x5f5f63695f6c6173745f726567656e65726174657c693a313539393833373233373b73657373696f6e69647c733a333a22706f73223b757365725f69647c733a313a2231223b757365725f656d61696c7c733a31353a226f776e657240676d61696c2e636f6d223b757365725f726f6c657c733a313a2231223b757365725f6f75746c65747c733a313a2230223b),
('0776f068d617ec07ca318a2d3fe070c5c42b25d0', '197.232.21.109', 1599837904, 0x5f5f63695f6c6173745f726567656e65726174657c693a313539393833373631333b73657373696f6e69647c733a333a22706f73223b757365725f69647c733a313a2231223b757365725f656d61696c7c733a31353a226f776e657240676d61696c2e636f6d223b757365725f726f6c657c733a313a2231223b757365725f6f75746c65747c733a313a2230223b616c6572745f6d73677c613a333a7b693a303b733a373a2273756363657373223b693a313b733a31353a22416464204e65772050726f64756374223b693a323b733a34373a225375636365737366756c6c79204164646564204e65772050726f64756374203a20636869636b73746172743130302e223b7d5f5f63695f766172737c613a313a7b733a393a22616c6572745f6d7367223b733a333a226f6c64223b7d),
('2563f6a8c13db7953a0199d230283a9079397a59', '197.232.21.109', 1599838343, 0x5f5f63695f6c6173745f726567656e65726174657c693a313539393833383034343b73657373696f6e69647c733a333a22706f73223b757365725f69647c733a313a2231223b757365725f656d61696c7c733a31353a226f776e657240676d61696c2e636f6d223b757365725f726f6c657c733a313a2231223b757365725f6f75746c65747c733a313a2230223b),
('98df032770e90f4b886738b69d192ed4ee99104a', '197.232.21.109', 1599838645, 0x5f5f63695f6c6173745f726567656e65726174657c693a313539393833383334353b73657373696f6e69647c733a333a22706f73223b757365725f69647c733a313a2231223b757365725f656d61696c7c733a31353a226f776e657240676d61696c2e636f6d223b757365725f726f6c657c733a313a2231223b757365725f6f75746c65747c733a313a2230223b),
('628e57a9ffd68af312f6bbfb0f73bdf78e319060', '197.232.21.109', 1599838946, 0x5f5f63695f6c6173745f726567656e65726174657c693a313539393833383634373b73657373696f6e69647c733a333a22706f73223b757365725f69647c733a313a2231223b757365725f656d61696c7c733a31353a226f776e657240676d61696c2e636f6d223b757365725f726f6c657c733a313a2231223b757365725f6f75746c65747c733a313a2230223b),
('32de4605191df9263d57a9485c1796132aca6bd1', '154.159.238.49', 1599844139, 0x5f5f63695f6c6173745f726567656e65726174657c693a313539393834343133373b),
('9217201cf77c030d3bf33be8d60f2f89ba93587e', '154.159.238.94', 1599889756, 0x5f5f63695f6c6173745f726567656e65726174657c693a313539393838393434373b73657373696f6e69647c733a333a22706f73223b757365725f69647c733a313a2231223b757365725f656d61696c7c733a31353a226f776e657240676d61696c2e636f6d223b757365725f726f6c657c733a313a2231223b757365725f6f75746c65747c733a313a2230223b),
('18ba9c78b1696dc2ff009465272b57a2bc4341d5', '154.159.238.94', 1599889943, 0x5f5f63695f6c6173745f726567656e65726174657c693a313539393838393737383b73657373696f6e69647c733a333a22706f73223b757365725f69647c733a313a2231223b757365725f656d61696c7c733a31353a226f776e657240676d61696c2e636f6d223b757365725f726f6c657c733a313a2231223b757365725f6f75746c65747c733a313a2230223b),
('0a39e0058ef9130e36a9a5f74982523ed0e7aa93', '154.159.238.84', 1599896036, 0x5f5f63695f6c6173745f726567656e65726174657c693a313539393839353736343b73657373696f6e69647c733a333a22706f73223b757365725f69647c733a313a2231223b757365725f656d61696c7c733a31353a226f776e657240676d61696c2e636f6d223b757365725f726f6c657c733a313a2231223b757365725f6f75746c65747c733a313a2230223b),
('d461e4ce57344574850be5bddd21488d35db3cce', '154.159.238.84', 1599896055, 0x5f5f63695f6c6173745f726567656e65726174657c693a313539393839363035353b),
('2478a3e77f8911b281d404b30371375e9cb3691a', '154.159.238.84', 1599896397, 0x5f5f63695f6c6173745f726567656e65726174657c693a313539393839363131383b73657373696f6e69647c733a333a22706f73223b757365725f69647c733a313a2231223b757365725f656d61696c7c733a31353a226f776e657240676d61696c2e636f6d223b757365725f726f6c657c733a313a2231223b757365725f6f75746c65747c733a313a2230223b),
('40164d89c967199b1a2f2b8aed26765216df58a1', '154.159.238.84', 1599896710, 0x5f5f63695f6c6173745f726567656e65726174657c693a313539393839363432333b73657373696f6e69647c733a333a22706f73223b757365725f69647c733a313a2231223b757365725f656d61696c7c733a31353a226f776e657240676d61696c2e636f6d223b757365725f726f6c657c733a313a2231223b757365725f6f75746c65747c733a313a2230223b),
('eeca840b472c200ca18cf2bc2d7333ce186588a0', '154.159.238.84', 1599897207, 0x5f5f63695f6c6173745f726567656e65726174657c693a313539393839363830353b73657373696f6e69647c733a333a22706f73223b757365725f69647c733a313a2231223b757365725f656d61696c7c733a31353a226f776e657240676d61696c2e636f6d223b757365725f726f6c657c733a313a2231223b757365725f6f75746c65747c733a313a2230223b),
('73ef23680fa741908cf8b01eafad97049b8ffe3d', '154.159.238.84', 1599897507, 0x5f5f63695f6c6173745f726567656e65726174657c693a313539393839373232313b73657373696f6e69647c733a333a22706f73223b757365725f69647c733a313a2231223b757365725f656d61696c7c733a31353a226f776e657240676d61696c2e636f6d223b757365725f726f6c657c733a313a2231223b757365725f6f75746c65747c733a313a2230223b),
('d98fb5cf734acd98c20dfea4f03ebf7d8b43a3dd', '154.159.238.84', 1599897819, 0x5f5f63695f6c6173745f726567656e65726174657c693a313539393839373532393b73657373696f6e69647c733a333a22706f73223b757365725f69647c733a313a2231223b757365725f656d61696c7c733a31353a226f776e657240676d61696c2e636f6d223b757365725f726f6c657c733a313a2231223b757365725f6f75746c65747c733a313a2230223b),
('e5c7aff08951428ecd39af87422927439b0ce6c6', '154.159.238.84', 1599897895, 0x5f5f63695f6c6173745f726567656e65726174657c693a313539393839373834393b73657373696f6e69647c733a333a22706f73223b757365725f69647c733a313a2231223b757365725f656d61696c7c733a31353a226f776e657240676d61696c2e636f6d223b757365725f726f6c657c733a313a2231223b757365725f6f75746c65747c733a313a2230223b),
('679d8c45967e5bdd706ea500385fb268919282c3', '154.159.238.84', 1599898699, 0x5f5f63695f6c6173745f726567656e65726174657c693a313539393839383339353b73657373696f6e69647c733a333a22706f73223b757365725f69647c733a313a2231223b757365725f656d61696c7c733a31353a226f776e657240676d61696c2e636f6d223b757365725f726f6c657c733a313a2231223b757365725f6f75746c65747c733a313a2230223b),
('f8c9a3a40c22a264720ec5600d3d5f9f448cf770', '154.159.238.84', 1599898724, 0x5f5f63695f6c6173745f726567656e65726174657c693a313539393839383732333b73657373696f6e69647c733a333a22706f73223b757365725f69647c733a313a2231223b757365725f656d61696c7c733a31353a226f776e657240676d61696c2e636f6d223b757365725f726f6c657c733a313a2231223b757365725f6f75746c65747c733a313a2230223b),
('7ad5743470d9d82ef75edce9667befca9e8254f8', '154.159.238.39', 1599902978, 0x5f5f63695f6c6173745f726567656e65726174657c693a313539393930323836303b73657373696f6e69647c733a333a22706f73223b757365725f69647c733a313a2231223b757365725f656d61696c7c733a31353a226f776e657240676d61696c2e636f6d223b757365725f726f6c657c733a313a2231223b757365725f6f75746c65747c733a313a2230223b),
('99440d43f4449dfa0e9f88f243b2498bae3634a5', '62.4.14.198', 1599905993, 0x5f5f63695f6c6173745f726567656e65726174657c693a313539393930353939333b),
('796ff5a2cf84b35443a747bcc1f9b9a47eb08e0b', '51.15.191.81', 1599906422, 0x5f5f63695f6c6173745f726567656e65726174657c693a313539393930363432323b),
('11bfae3af6fe6b6be638d8e36989ad737d7c783e', '62.4.14.198', 1599907420, 0x5f5f63695f6c6173745f726567656e65726174657c693a313539393930373432303b),
('4ae87d84053ba1388e64ac035632016ba5c005e9', '51.15.191.81', 1599907639, 0x5f5f63695f6c6173745f726567656e65726174657c693a313539393930373633393b),
('9ea0c02dcf0dfb94029e8889078905cb57018d95', '154.159.238.55', 1599927189, 0x5f5f63695f6c6173745f726567656e65726174657c693a313539393932373138393b),
('5d8c90180d3735be78f33050e36c1fd05ead3c0c', '41.81.182.180', 1600006697, 0x5f5f63695f6c6173745f726567656e65726174657c693a313630303030363439373b73657373696f6e69647c733a333a22706f73223b757365725f69647c733a313a2231223b757365725f656d61696c7c733a31353a226f776e657240676d61696c2e636f6d223b757365725f726f6c657c733a313a2231223b757365725f6f75746c65747c733a313a2230223b),
('f9fc7654a3710b0c8ebc5c8cb61d777dbc73b946', '197.176.216.224', 1600007191, 0x5f5f63695f6c6173745f726567656e65726174657c693a313630303030363931383b73657373696f6e69647c733a333a22706f73223b757365725f69647c733a313a2231223b757365725f656d61696c7c733a31353a226f776e657240676d61696c2e636f6d223b757365725f726f6c657c733a313a2231223b757365725f6f75746c65747c733a313a2230223b),
('90f1d3d00fe0b0dd0eb98cce2389ee5bc26dada0', '::1', 1600103077, 0x5f5f63695f6c6173745f726567656e65726174657c693a313630303130323839333b73657373696f6e69647c733a333a22706f73223b757365725f69647c733a313a2231223b757365725f656d61696c7c733a31353a226f776e657240676d61696c2e636f6d223b757365725f726f6c657c733a313a2231223b757365725f6f75746c65747c733a313a2230223b),
('6c00244d36e0a3dff8c160e0347ac3b702ecc75a', '::1', 1600103658, 0x5f5f63695f6c6173745f726567656e65726174657c693a313630303130333336303b73657373696f6e69647c733a333a22706f73223b757365725f69647c733a313a2231223b757365725f656d61696c7c733a31353a226f776e657240676d61696c2e636f6d223b757365725f726f6c657c733a313a2231223b757365725f6f75746c65747c733a313a2230223b),
('4a7bb5fbe7a24dd458aa4f4b125d3717d411400b', '::1', 1600103928, 0x5f5f63695f6c6173745f726567656e65726174657c693a313630303130333730343b73657373696f6e69647c733a333a22706f73223b757365725f69647c733a313a2231223b757365725f656d61696c7c733a31353a226f776e657240676d61696c2e636f6d223b757365725f726f6c657c733a313a2231223b757365725f6f75746c65747c733a313a2230223b),
('7a92dc09e0e5ff235d3dca1e0bd30b27c047962d', '::1', 1600104349, 0x5f5f63695f6c6173745f726567656e65726174657c693a313630303130343332313b73657373696f6e69647c733a333a22706f73223b757365725f69647c733a313a2231223b757365725f656d61696c7c733a31353a226f776e657240676d61696c2e636f6d223b757365725f726f6c657c733a313a2231223b757365725f6f75746c65747c733a313a2230223b),
('bdded793fbfea9acee962e4aabacc8fceccdf86b', '::1', 1600109235, 0x5f5f63695f6c6173745f726567656e65726174657c693a313630303130393233353b73657373696f6e69647c733a333a22706f73223b757365725f69647c733a313a2231223b757365725f656d61696c7c733a31353a226f776e657240676d61696c2e636f6d223b757365725f726f6c657c733a313a2231223b757365725f6f75746c65747c733a313a2230223b),
('05557b62e6a0984d0a7d336b0155a69f03c09dea', '127.0.0.1', 1600145679, 0x5f5f63695f6c6173745f726567656e65726174657c693a313630303134353430393b73657373696f6e69647c733a333a22706f73223b757365725f69647c733a313a2236223b757365725f656d61696c7c733a31393a226577616e796f6e796940676d61696c2e636f6d223b757365725f726f6c657c733a313a2233223b757365725f6f75746c65747c733a313a2233223b),
('c7033b103e5ab5aa39549cc8a317b24634650a6a', '::1', 1600144226, 0x5f5f63695f6c6173745f726567656e65726174657c693a313630303134343232363b),
('81bded831981551b0a707c9eb94de8d47fff5210', '127.0.0.1', 1600145287, 0x5f5f63695f6c6173745f726567656e65726174657c693a313630303134343630343b73657373696f6e69647c733a333a22706f73223b757365725f69647c733a313a2236223b757365725f656d61696c7c733a31393a226577616e796f6e796940676d61696c2e636f6d223b757365725f726f6c657c733a313a2233223b757365725f6f75746c65747c733a313a2233223b),
('fd9ed4c1f4e8018f9f094f820a3f516318817d43', '127.0.0.1', 1600146729, 0x5f5f63695f6c6173745f726567656e65726174657c693a313630303134363438343b73657373696f6e69647c733a333a22706f73223b757365725f69647c733a313a2231223b757365725f656d61696c7c733a31353a226f776e657240676d61696c2e636f6d223b757365725f726f6c657c733a313a2231223b757365725f6f75746c65747c733a313a2230223b),
('da41edad286b3d50f56fbc3f20a31e75b092c75a', '127.0.0.1', 1600146966, 0x5f5f63695f6c6173745f726567656e65726174657c693a313630303134363834343b),
('980f7418b51d22abe7fd9fb00539d56cc682dbd0', '127.0.0.1', 1600147347, 0x5f5f63695f6c6173745f726567656e65726174657c693a313630303134373334373b),
('14e6577b2d348a8f6c63d48efbeb808e5c523ef6', '127.0.0.1', 1600147737, 0x5f5f63695f6c6173745f726567656e65726174657c693a313630303134373636313b616c6572745f6d73677c613a333a7b693a303b733a373a226661696c757265223b693a313b733a353a224c6f67696e223b693a323b733a34313a22456d61696c204164647265737320646f206e6f74206578697374206174207468652073797374656d21223b7d5f5f63695f766172737c613a313a7b733a393a22616c6572745f6d7367223b733a333a226f6c64223b7d),
('b655fa95e751f77cb016def1a0f509549390d831', '127.0.0.1', 1600148099, 0x5f5f63695f6c6173745f726567656e65726174657c693a313630303134383039393b616c6572745f6d73677c613a333a7b693a303b733a373a226661696c757265223b693a313b733a353a224c6f67696e223b693a323b733a34313a22456d61696c204164647265737320646f206e6f74206578697374206174207468652073797374656d21223b7d5f5f63695f766172737c613a313a7b733a393a22616c6572745f6d7367223b733a333a226f6c64223b7d),
('8d2f546e6c34ca8d456368dad587fea9d21d056f', '127.0.0.1', 1600148749, 0x5f5f63695f6c6173745f726567656e65726174657c693a313630303134383734393b616c6572745f6d73677c613a333a7b693a303b733a373a226661696c757265223b693a313b733a353a224c6f67696e223b693a323b733a34313a22456d61696c204164647265737320646f206e6f74206578697374206174207468652073797374656d21223b7d5f5f63695f766172737c613a313a7b733a393a22616c6572745f6d7367223b733a333a226f6c64223b7d),
('434450e421caa7178d8c33df574967c59bb6724a', '127.0.0.1', 1600149629, 0x5f5f63695f6c6173745f726567656e65726174657c693a313630303134393336323b616c6572745f6d73677c613a333a7b693a303b733a373a226661696c757265223b693a313b733a353a224c6f67696e223b693a323b733a34313a22456d61696c204164647265737320646f206e6f74206578697374206174207468652073797374656d21223b7d5f5f63695f766172737c613a313a7b733a393a22616c6572745f6d7367223b733a333a226f6c64223b7d),
('d905f817d266f6626d710ea12b2bb3fe640769c3', '127.0.0.1', 1600149944, 0x5f5f63695f6c6173745f726567656e65726174657c693a313630303134393831343b616c6572745f6d73677c613a333a7b693a303b733a373a226661696c757265223b693a313b733a353a224c6f67696e223b693a323b733a34313a22456d61696c204164647265737320646f206e6f74206578697374206174207468652073797374656d21223b7d5f5f63695f766172737c613a313a7b733a393a22616c6572745f6d7367223b733a333a226f6c64223b7d),
('920ab3cc8b7e62ccb7744236f9197ef6861ef2a7', '127.0.0.1', 1600150556, 0x5f5f63695f6c6173745f726567656e65726174657c693a313630303135303236313b73657373696f6e69647c733a333a22706f73223b757365725f69647c733a313a2236223b757365725f656d61696c7c733a31393a226577616e796f6e796940676d61696c2e636f6d223b757365725f726f6c657c733a313a2233223b757365725f6f75746c65747c733a313a2233223b),
('a888e5c27d27aa295f1c445f45805b6708e30039', '127.0.0.1', 1600150998, 0x5f5f63695f6c6173745f726567656e65726174657c693a313630303135303739353b73657373696f6e69647c733a333a22706f73223b757365725f69647c733a313a2236223b757365725f656d61696c7c733a31393a226577616e796f6e796940676d61696c2e636f6d223b757365725f726f6c657c733a313a2233223b757365725f6f75746c65747c733a313a2233223b),
('ec3fff2f010bc39938ca46acbaa238f0024582f8', '127.0.0.1', 1600151122, 0x5f5f63695f6c6173745f726567656e65726174657c693a313630303135313132323b),
('bb4c3fc1892259d81854af66bb6eb8275b2a4b25', '127.0.0.1', 1600161458, 0x5f5f63695f6c6173745f726567656e65726174657c693a313630303136313336383b73657373696f6e69647c733a333a22706f73223b757365725f69647c733a313a2236223b757365725f656d61696c7c733a31393a226577616e796f6e796940676d61696c2e636f6d223b757365725f726f6c657c733a313a2233223b757365725f6f75746c65747c733a313a2233223b),
('5b217aa7ff3229162d478fb5c136158d31ff58ff', '127.0.0.1', 1600157316, 0x5f5f63695f6c6173745f726567656e65726174657c693a313630303135373331363b),
('3fc86493c667b0d002f9b4cce4d96120c15af83d', '127.0.0.1', 1600161364, 0x5f5f63695f6c6173745f726567656e65726174657c693a313630303136313036363b73657373696f6e69647c733a333a22706f73223b757365725f69647c733a313a2236223b757365725f656d61696c7c733a31393a226577616e796f6e796940676d61696c2e636f6d223b757365725f726f6c657c733a313a2233223b757365725f6f75746c65747c733a313a2233223b),
('01d89f8796e10d172fcc52188e60911d1a3cadb5', '127.0.0.1', 1600163622, 0x5f5f63695f6c6173745f726567656e65726174657c693a313630303136333430363b73657373696f6e69647c733a333a22706f73223b757365725f69647c733a313a2236223b757365725f656d61696c7c733a31393a226577616e796f6e796940676d61696c2e636f6d223b757365725f726f6c657c733a313a2233223b757365725f6f75746c65747c733a313a2233223b),
('5c317907259780b25dd79daae0913908342e09e8', '127.0.0.1', 1600164016, 0x5f5f63695f6c6173745f726567656e65726174657c693a313630303136333931343b73657373696f6e69647c733a333a22706f73223b757365725f69647c733a313a2236223b757365725f656d61696c7c733a31393a226577616e796f6e796940676d61696c2e636f6d223b757365725f726f6c657c733a313a2233223b757365725f6f75746c65747c733a313a2233223b),
('c5b7f0257ea83e348917097351c61663a6e0079f', '127.0.0.1', 1600164562, 0x5f5f63695f6c6173745f726567656e65726174657c693a313630303136343536323b),
('5ddbabf2da603ed02690b3a005529fc67a25b608', '127.0.0.1', 1600169213, 0x5f5f63695f6c6173745f726567656e65726174657c693a313630303136393038343b73657373696f6e69647c733a333a22706f73223b757365725f69647c733a313a2236223b757365725f656d61696c7c733a31393a226577616e796f6e796940676d61696c2e636f6d223b757365725f726f6c657c733a313a2233223b757365725f6f75746c65747c733a313a2233223b),
('b2f86316edb59e1e4283ad69b3bf9d360c50f925', '127.0.0.1', 1600178180, 0x5f5f63695f6c6173745f726567656e65726174657c693a313630303137383138303b),
('743b3247945cb7af9598c9531f75dee07b58a543', '127.0.0.1', 1600178962, 0x5f5f63695f6c6173745f726567656e65726174657c693a313630303137383539383b73657373696f6e69647c733a333a22706f73223b757365725f69647c733a313a2236223b757365725f656d61696c7c733a31393a226577616e796f6e796940676d61696c2e636f6d223b757365725f726f6c657c733a313a2233223b757365725f6f75746c65747c733a313a2233223b),
('721ab1d02d7213cfac19d43eb0177f8ca3ec9506', '127.0.0.1', 1600179012, 0x5f5f63695f6c6173745f726567656e65726174657c693a313630303137383938363b73657373696f6e69647c733a333a22706f73223b757365725f69647c733a313a2236223b757365725f656d61696c7c733a31393a226577616e796f6e796940676d61696c2e636f6d223b757365725f726f6c657c733a313a2233223b757365725f6f75746c65747c733a313a2233223b),
('00b8b3a536a44d32f19faaec8b95045a199b7f1c', '127.0.0.1', 1600180434, 0x5f5f63695f6c6173745f726567656e65726174657c693a313630303137393433383b73657373696f6e69647c733a333a22706f73223b757365725f69647c733a313a2236223b757365725f656d61696c7c733a31393a226577616e796f6e796940676d61696c2e636f6d223b757365725f726f6c657c733a313a2233223b757365725f6f75746c65747c733a313a2233223b),
('a6cd97ea9f42e995e52423f97d6c04686d287046', '127.0.0.1', 1600180805, 0x5f5f63695f6c6173745f726567656e65726174657c693a313630303138303533353b73657373696f6e69647c733a333a22706f73223b757365725f69647c733a313a2236223b757365725f656d61696c7c733a31393a226577616e796f6e796940676d61696c2e636f6d223b757365725f726f6c657c733a313a2233223b757365725f6f75746c65747c733a313a2233223b),
('0d5d398221f995f6ff52ab8fa9f554685535a29b', '127.0.0.1', 1600181237, 0x5f5f63695f6c6173745f726567656e65726174657c693a313630303138303833393b73657373696f6e69647c733a333a22706f73223b757365725f69647c733a313a2236223b757365725f656d61696c7c733a31393a226577616e796f6e796940676d61696c2e636f6d223b757365725f726f6c657c733a313a2233223b757365725f6f75746c65747c733a313a2233223b),
('308c49a8b7d2aeab2901f7bcd0b1ecd9b9d9b61b', '127.0.0.1', 1600181506, 0x5f5f63695f6c6173745f726567656e65726174657c693a313630303138313332363b73657373696f6e69647c733a333a22706f73223b757365725f69647c733a313a2236223b757365725f656d61696c7c733a31393a226577616e796f6e796940676d61696c2e636f6d223b757365725f726f6c657c733a313a2233223b757365725f6f75746c65747c733a313a2233223b);

-- --------------------------------------------------------

--
-- Table structure for table `currency`
--

CREATE TABLE `currency` (
  `iso` char(3) CHARACTER SET utf8 NOT NULL DEFAULT '',
  `name` varchar(200) COLLATE utf8_unicode_ci NOT NULL
) ENGINE=MyISAM DEFAULT CHARSET=utf8 COLLATE=utf8_unicode_ci;

--
-- Dumping data for table `currency`
--

INSERT INTO `currency` (`iso`, `name`) VALUES
('KRW', '(South) Korean Won'),
('AFA', 'Afghanistan Afghani'),
('ALL', 'Albanian Lek'),
('DZD', 'Algerian Dinar'),
('ADP', 'Andorran Peseta'),
('AOK', 'Angolan Kwanza'),
('ARS', 'Argentine Peso'),
('AMD', 'Armenian Dram'),
('AWG', 'Aruban Florin'),
('AUD', 'Australian Dollar'),
('BSD', 'Bahamian Dollar'),
('BHD', 'Bahraini Dinar'),
('BDT', 'Bangladeshi Taka'),
('BBD', 'Barbados Dollar'),
('BZD', 'Belize Dollar'),
('BMD', 'Bermudian Dollar'),
('BTN', 'Bhutan Ngultrum'),
('BOB', 'Bolivian Boliviano'),
('BWP', 'Botswanian Pula'),
('BRL', 'Brazilian Real'),
('GBP', 'British Pound'),
('BND', 'Brunei Dollar'),
('BGN', 'Bulgarian Lev'),
('BUK', 'Burma Kyat'),
('BIF', 'Burundi Franc'),
('CAD', 'Canadian Dollar'),
('CVE', 'Cape Verde Escudo'),
('KYD', 'Cayman Islands Dollar'),
('CLP', 'Chilean Peso'),
('CLF', 'Chilean Unidades de Fomento'),
('COP', 'Colombian Peso'),
('XOF', 'Communauté Financière Africaine BCEAO - Francs'),
('XAF', 'Communauté Financière Africaine BEAC, Francs'),
('KMF', 'Comoros Franc'),
('XPF', 'Comptoirs Français du Pacifique Francs'),
('CRC', 'Costa Rican Colon'),
('CUP', 'Cuban Peso'),
('CYP', 'Cyprus Pound'),
('CZK', 'Czech Republic Koruna'),
('DKK', 'Danish Krone'),
('YDD', 'Democratic Yemeni Dinar'),
('DOP', 'Dominican Peso'),
('XCD', 'East Caribbean Dollar'),
('TPE', 'East Timor Escudo'),
('ECS', 'Ecuador Sucre'),
('EGP', 'Egyptian Pound'),
('SVC', 'El Salvador Colon'),
('EEK', 'Estonian Kroon (EEK)'),
('ETB', 'Ethiopian Birr'),
('EUR', 'Euro'),
('FKP', 'Falkland Islands Pound'),
('FJD', 'Fiji Dollar'),
('GMD', 'Gambian Dalasi'),
('GHC', 'Ghanaian Cedi'),
('GIP', 'Gibraltar Pound'),
('XAU', 'Gold, Ounces'),
('GTQ', 'Guatemalan Quetzal'),
('GNF', 'Guinea Franc'),
('GWP', 'Guinea-Bissau Peso'),
('GYD', 'Guyanan Dollar'),
('HTG', 'Haitian Gourde'),
('HNL', 'Honduran Lempira'),
('HKD', 'Hong Kong Dollar'),
('HUF', 'Hungarian Forint'),
('INR', 'Indian Rupee'),
('IDR', 'Indonesian Rupiah'),
('XDR', 'International Monetary Fund (IMF) Special Drawing Rights'),
('IRR', 'Iranian Rial'),
('IQD', 'Iraqi Dinar'),
('IEP', 'Irish Punt'),
('ILS', 'Israeli Shekel'),
('JMD', 'Jamaican Dollar'),
('JPY', 'Japanese Yen'),
('JOD', 'Jordanian Dinar'),
('KHR', 'Kampuchean (Cambodian) Riel'),
('KES', 'Kenyan Schilling'),
('KWD', 'Kuwaiti Dinar'),
('LAK', 'Lao Kip'),
('LBP', 'Lebanese Pound'),
('LSL', 'Lesotho Loti'),
('LRD', 'Liberian Dollar'),
('LYD', 'Libyan Dinar'),
('MOP', 'Macau Pataca'),
('MGF', 'Malagasy Franc'),
('MWK', 'Malawi Kwacha'),
('MYR', 'Malaysian Ringgit'),
('MVR', 'Maldive Rufiyaa'),
('MTL', 'Maltese Lira'),
('MRO', 'Mauritanian Ouguiya'),
('MUR', 'Mauritius Rupee'),
('MXP', 'Mexican Peso'),
('MNT', 'Mongolian Tugrik'),
('MAD', 'Moroccan Dirham'),
('MZM', 'Mozambique Metical'),
('NAD', 'Namibian Dollar'),
('NPR', 'Nepalese Rupee'),
('ANG', 'Netherlands Antillian Guilder'),
('YUD', 'New Yugoslavia Dinar'),
('NZD', 'New Zealand Dollar'),
('NIO', 'Nicaraguan Cordoba'),
('NGN', 'Nigerian Naira'),
('KPW', 'North Korean Won'),
('NOK', 'Norwegian Kroner'),
('OMR', 'Omani Rial'),
('PKR', 'Pakistan Rupee'),
('XPD', 'Palladium Ounces'),
('PAB', 'Panamanian Balboa'),
('PGK', 'Papua New Guinea Kina'),
('PYG', 'Paraguay Guarani'),
('PEN', 'Peruvian Nuevo Sol'),
('PHP', 'Philippine Peso'),
('XPT', 'Platinum, Ounces'),
('PLN', 'Polish Zloty'),
('QAR', 'Qatari Rial'),
('RON', 'Romanian Leu'),
('RUB', 'Russian Ruble'),
('RWF', 'Rwanda Franc'),
('WST', 'Samoan Tala'),
('STD', 'Sao Tome and Principe Dobra'),
('SAR', 'Saudi Arabian Riyal'),
('SCR', 'Seychelles Rupee'),
('SLL', 'Sierra Leone Leone'),
('XAG', 'Silver, Ounces'),
('SGD', 'Singapore Dollar'),
('SKK', 'Slovak Koruna'),
('SBD', 'Solomon Islands Dollar'),
('SOS', 'Somali Schilling'),
('ZAR', 'South African Rand'),
('LKR', 'Sri Lanka Rupee'),
('SHP', 'St. Helena Pound'),
('SDP', 'Sudanese Pound'),
('SRG', 'Suriname Guilder'),
('SZL', 'Swaziland Lilangeni'),
('SEK', 'Swedish Krona'),
('CHF', 'Swiss Franc'),
('SYP', 'Syrian Potmd'),
('TWD', 'Taiwan Dollar'),
('TZS', 'Tanzanian Schilling'),
('THB', 'Thai Baht'),
('TOP', 'Tongan Paanga'),
('TTD', 'Trinidad and Tobago Dollar'),
('TND', 'Tunisian Dinar'),
('TRY', 'Turkish Lira'),
('UGX', 'Uganda Shilling'),
('AED', 'United Arab Emirates Dirham'),
('UYU', 'Uruguayan Peso'),
('USD', 'US Dollar'),
('VUV', 'Vanuatu Vatu'),
('VEF', 'Venezualan Bolivar'),
('VND', 'Vietnamese Dong'),
('YER', 'Yemeni Rial'),
('CNY', 'Yuan (Chinese) Renminbi'),
('ZRZ', 'Zaire Zaire'),
('ZMK', 'Zambian Kwacha'),
('ZWD', 'Zimbabwe Dollar');

-- --------------------------------------------------------

--
-- Table structure for table `customers`
--

CREATE TABLE `customers` (
  `id` int(11) NOT NULL,
  `fullname` varchar(499) COLLATE utf8_unicode_ci NOT NULL,
  `email` varchar(499) COLLATE utf8_unicode_ci NOT NULL,
  `mobile` varchar(255) COLLATE utf8_unicode_ci NOT NULL,
  `created_user_id` int(11) NOT NULL,
  `created_datetime` datetime NOT NULL
) ENGINE=MyISAM DEFAULT CHARSET=utf8 COLLATE=utf8_unicode_ci;

--
-- Dumping data for table `customers`
--

INSERT INTO `customers` (`id`, `fullname`, `email`, `mobile`, `created_user_id`, `created_datetime`) VALUES
(1, 'Walk In Customer', '', '', 1, '2016-10-18 00:00:00'),
(2, 'Isaac Wekesa', '', '', 1, '2020-09-12 11:17:59');

-- --------------------------------------------------------

--
-- Table structure for table `expenses`
--

CREATE TABLE `expenses` (
  `id` int(11) NOT NULL,
  `expenses_number` varchar(255) COLLATE utf8_unicode_ci NOT NULL,
  `expense_category` int(11) NOT NULL,
  `outlet_id` int(11) NOT NULL,
  `outlet_name` varchar(4999) COLLATE utf8_unicode_ci NOT NULL,
  `date` date NOT NULL,
  `amount` double(11,2) NOT NULL,
  `reason` longtext COLLATE utf8_unicode_ci NOT NULL,
  `file_name` varchar(499) COLLATE utf8_unicode_ci NOT NULL,
  `created_user_id` int(11) NOT NULL,
  `created_datetime` datetime NOT NULL,
  `updated_user_id` int(11) NOT NULL,
  `updated_datetime` datetime NOT NULL,
  `status` int(1) NOT NULL
) ENGINE=MyISAM DEFAULT CHARSET=utf8 COLLATE=utf8_unicode_ci;

--
-- Dumping data for table `expenses`
--

INSERT INTO `expenses` (`id`, `expenses_number`, `expense_category`, `outlet_id`, `outlet_name`, `date`, `amount`, `reason`, `file_name`, `created_user_id`, `created_datetime`, `updated_user_id`, `updated_datetime`, `status`) VALUES
(1, '01', 4, 3, '', '2020-09-12', 200.00, 'Lunch', '', 1, '2020-09-12 11:01:21', 0, '0000-00-00 00:00:00', 1);

-- --------------------------------------------------------

--
-- Table structure for table `expense_categories`
--

CREATE TABLE `expense_categories` (
  `id` int(11) NOT NULL,
  `name` varchar(499) COLLATE utf8_unicode_ci NOT NULL,
  `created_user_id` int(11) NOT NULL,
  `created_datetime` datetime NOT NULL,
  `updated_user_id` int(11) NOT NULL,
  `updated_datetime` datetime NOT NULL,
  `status` int(11) NOT NULL COMMENT '0: Inactive, 1: Active'
) ENGINE=MyISAM DEFAULT CHARSET=utf8 COLLATE=utf8_unicode_ci;

--
-- Dumping data for table `expense_categories`
--

INSERT INTO `expense_categories` (`id`, `name`, `created_user_id`, `created_datetime`, `updated_user_id`, `updated_datetime`, `status`) VALUES
(1, 'Transport', 1, '2020-09-12 10:59:43', 0, '0000-00-00 00:00:00', 1),
(2, 'Rent', 1, '2020-09-12 10:59:53', 0, '0000-00-00 00:00:00', 1),
(3, 'Salary', 1, '2020-09-12 11:00:06', 0, '0000-00-00 00:00:00', 1),
(4, 'Petty Cash', 1, '2020-09-12 11:00:26', 0, '0000-00-00 00:00:00', 1);

-- --------------------------------------------------------

--
-- Table structure for table `gift_card`
--

CREATE TABLE `gift_card` (
  `id` int(11) NOT NULL,
  `card_number` varchar(90) COLLATE utf8_unicode_ci NOT NULL,
  `value` double(11,2) NOT NULL,
  `expiry_date` date NOT NULL,
  `created_user_id` int(11) NOT NULL,
  `created_datetime` datetime NOT NULL,
  `updated_user_id` int(11) NOT NULL,
  `updated_datetime` datetime NOT NULL,
  `status` int(1) NOT NULL COMMENT '0: haven''t use, 1: used'
) ENGINE=MyISAM DEFAULT CHARSET=utf8 COLLATE=utf8_unicode_ci;

-- --------------------------------------------------------

--
-- Table structure for table `inventory`
--

CREATE TABLE `inventory` (
  `id` int(11) NOT NULL,
  `product_code` varchar(499) COLLATE utf8_unicode_ci NOT NULL,
  `outlet_id` int(11) NOT NULL,
  `qty` int(11) NOT NULL
) ENGINE=MyISAM DEFAULT CHARSET=utf8 COLLATE=utf8_unicode_ci;

--
-- Dumping data for table `inventory`
--

INSERT INTO `inventory` (`id`, `product_code`, `outlet_id`, `qty`) VALUES
(1, 'lifecycle', 3, 50),
(2, 'agile', 3, 50),
(3, 'practitioners', 3, 50),
(4, 'covid', 3, 69),
(5, 'identity', 3, 50),
(6, 'UK', 3, 50),
(7, 'freight', 3, 60),
(8, 'Marketing', 3, 50),
(9, 'healthsafety', 3, 50),
(10, 'shipping', 3, 59),
(11, 'biotrimvet', 3, 56),
(12, 'vetoxy', 3, 49),
(13, 'milras', 3, 47),
(14, 'kungunil', 3, 47),
(15, 'chickstart100', 3, 46),
(16, 'chickstart', 3, 44),
(17, '505', 3, 50),
(18, 'nilzanplus', 3, 50),
(19, 'levafas', 3, 49),
(20, 'levafasdiamond', 3, 49),
(21, 'esb30', 3, 49),
(22, 'neocidol', 3, 50),
(23, 'tryponil', 3, 50),
(24, 'sevindudu50', 3, 48),
(25, 'farmtraz40ml', 3, 50),
(26, 'cotrino24g', 3, 50),
(27, 'milkingsalve100', 3, 50),
(28, '403', 3, 44),
(29, '507', 3, 50),
(30, 'dk', 3, 50),
(31, '509', 3, 50),
(32, '513', 3, 50),
(33, 'botabooster12', 3, 49),
(34, 'farmtraz100', 3, 50),
(35, 'Triatix40', 3, 50),
(36, 'botabooster1l', 3, 48),
(37, 'Triatix100', 3, 50),
(38, 'duodip20ml', 3, 50),
(39, 'sevindudu200', 3, 50),
(40, 'norofraz40ml', 3, 50),
(41, 'sevindudu100', 3, 50),
(42, 'ciamex250g', 3, 50),
(43, 'stocklick1kg', 3, 50),
(44, 'chalidudu', 3, 50),
(45, 'maclickmineral', 3, 50),
(46, 'Maclicksuper', 3, 50),
(47, 'lightkaolin100', 3, 50),
(48, 'lightkaolin250', 3, 50),
(49, 'match050tc', 3, 50),
(50, 'Ortiva20sc', 3, 49),
(51, 'rindomolcold', 3, 50),
(52, 'albendazole25', 3, 50),
(53, 'worcricidbolus', 3, 50),
(54, 'dispetotrimbolus', 3, 50),
(55, 'Oxycolplus', 3, 50),
(56, 'debendazole', 3, 49),
(57, 'albafas40ml', 3, 50),
(58, 'albafas120ml', 3, 50),
(59, 'albafas1l', 3, 50),
(60, 'easygrow10', 3, 50),
(61, 'easeed25', 3, 48),
(62, 'easeedsukuma', 3, 50),
(63, 'easukuma25', 3, 50),
(64, 'simlawtomato', 3, 50),
(65, 'easeedcabbage', 3, 50),
(66, 'easygrow', 3, 50),
(67, 'easeedo', 3, 50),
(68, 'urea50', 3, 50),
(69, '101', 3, 50),
(70, 'dap', 3, 46),
(71, 'dap10', 3, 49),
(72, 'dap25', 3, 50),
(73, 'dap50', 3, 50),
(74, 'urea1', 3, 50),
(75, 'urea10', 3, 50),
(76, 'urea25', 3, 49);

-- --------------------------------------------------------

--
-- Table structure for table `orders`
--

CREATE TABLE `orders` (
  `id` int(11) NOT NULL,
  `customer_id` int(11) NOT NULL,
  `customer_name` varchar(499) COLLATE utf8_unicode_ci NOT NULL,
  `customer_email` varchar(499) COLLATE utf8_unicode_ci NOT NULL,
  `customer_mobile` varchar(255) COLLATE utf8_unicode_ci NOT NULL,
  `ordered_datetime` datetime NOT NULL,
  `outlet_id` int(11) NOT NULL,
  `outlet_name` varchar(499) COLLATE utf8_unicode_ci NOT NULL,
  `outlet_address` longtext COLLATE utf8_unicode_ci NOT NULL,
  `outlet_contact` varchar(499) COLLATE utf8_unicode_ci NOT NULL,
  `outlet_receipt_footer` longtext COLLATE utf8_unicode_ci NOT NULL,
  `gift_card` varchar(90) COLLATE utf8_unicode_ci NOT NULL,
  `subtotal` double(11,2) NOT NULL,
  `discount_total` double(11,2) NOT NULL,
  `discount_percentage` varchar(255) COLLATE utf8_unicode_ci NOT NULL,
  `tax` double(11,2) NOT NULL,
  `grandtotal` double(11,2) NOT NULL,
  `total_items` int(11) NOT NULL,
  `payment_method` int(11) NOT NULL,
  `payment_method_name` varchar(255) COLLATE utf8_unicode_ci NOT NULL,
  `cheque_number` varchar(499) COLLATE utf8_unicode_ci NOT NULL,
  `paid_amt` double(11,2) NOT NULL,
  `return_change` double(11,2) NOT NULL,
  `created_user_id` int(11) NOT NULL,
  `created_datetime` datetime NOT NULL,
  `updated_user_id` int(11) NOT NULL,
  `updated_datetime` datetime NOT NULL,
  `vt_status` int(11) NOT NULL COMMENT '0: Debit Payment, 1: Completed',
  `status` int(11) NOT NULL COMMENT '1: Sales, 2: Return',
  `refund_status` int(11) NOT NULL COMMENT '1: Full Refund, 2: Partial Refund',
  `remark` longtext COLLATE utf8_unicode_ci NOT NULL,
  `card_number` varchar(499) COLLATE utf8_unicode_ci NOT NULL
) ENGINE=MyISAM DEFAULT CHARSET=utf8 COLLATE=utf8_unicode_ci;

--
-- Dumping data for table `orders`
--

INSERT INTO `orders` (`id`, `customer_id`, `customer_name`, `customer_email`, `customer_mobile`, `ordered_datetime`, `outlet_id`, `outlet_name`, `outlet_address`, `outlet_contact`, `outlet_receipt_footer`, `gift_card`, `subtotal`, `discount_total`, `discount_percentage`, `tax`, `grandtotal`, `total_items`, `payment_method`, `payment_method_name`, `cheque_number`, `paid_amt`, `return_change`, `created_user_id`, `created_datetime`, `updated_user_id`, `updated_datetime`, `vt_status`, `status`, `refund_status`, `remark`, `card_number`) VALUES
(1, 1, 'Walk In Customer', '', '', '2020-09-10 18:47:18', 3, 'Main Outlet', 'Agrovet XXX Along Moi Avenue', '292948484', '<p>Thank you for Shopping with Us!</p>', '', 770.00, 0.00, '', 107.80, 877.80, 2, 1, 'Cash', '', 1000.00, 122.20, 1, '2020-09-10 18:47:18', 0, '0000-00-00 00:00:00', 1, 1, 0, '', ''),
(2, 1, 'Walk In Customer', '', '', '2020-09-11 18:41:59', 3, 'Mateka Agrovet', 'Along Mateka Road\r\nBungoma, Kenya', '0711225544', '<p>Thank you for Shopping with Us!</p>', '', 470.00, 0.00, '', 0.00, 470.00, 4, 1, 'Cash', '', 500.00, 30.00, 1, '2020-09-11 18:41:59', 0, '0000-00-00 00:00:00', 1, 1, 0, '', ''),
(3, 1, 'Walk In Customer', '', '', '2020-09-12 08:46:41', 3, 'Mateka Agrovet', 'Along Mateka Road\r\nBungoma, Kenya', '0711225544', '<p>Thank you for Shopping with Us!</p>', '', 250.00, 50.00, '', 0.00, 250.00, 2, 1, 'Cash', '', 1000.00, 750.00, 1, '2020-09-12 08:46:41', 0, '0000-00-00 00:00:00', 1, 1, 0, '', ''),
(4, 1, 'Walk In Customer', '', '', '2020-09-12 10:38:47', 3, 'Mateka Agrovet', 'Along Mateka Road\r\nBungoma, Kenya', '0711225544', '<p>Thank you for Shopping with Us!</p>', '', 1700.00, 100.00, '', 0.00, 1700.00, 15, 1, 'Cash', '', 2000.00, 300.00, 1, '2020-09-12 10:38:47', 0, '0000-00-00 00:00:00', 1, 1, 0, '', ''),
(5, 1, 'Walk In Customer', '', '', '2020-09-12 10:53:41', 3, 'Mateka Agrovet', 'Along Mateka Road\r\nBungoma, Kenya', '0711225544', '<p>Thank you for Shopping with Us!</p>', '', 3530.00, 0.00, '', 0.00, 3530.00, 7, 1, 'Cash', '', 4000.00, 470.00, 1, '2020-09-12 10:53:41', 0, '0000-00-00 00:00:00', 1, 1, 0, '', ''),
(6, 2, 'Isaac Wekesa', '', '', '2020-09-12 11:18:43', 3, 'Mateka Agrovet', 'Along Mateka Road\r\nBungoma, Kenya', '0718477560', '<p>Thank you for Shopping with Us!</p>', '', 530.00, 0.00, '', 0.00, 530.00, 1, 1, 'Cash', '', 1000.00, 470.00, 1, '2020-09-12 11:18:43', 0, '0000-00-00 00:00:00', 1, 1, 0, '', ''),
(7, 1, 'Walk In Customer', '', '', '2020-09-12 12:29:37', 3, 'Mateka Agrovet', 'Along Mateka Road\r\nBungoma, Kenya', '0718477560', '<p>Thank you for Shopping with Us!</p>', '', 70.00, 0.00, '', 0.00, 70.00, 1, 1, 'Cash', '', 1000.00, 930.00, 1, '2020-09-12 12:29:37', 0, '0000-00-00 00:00:00', 1, 1, 0, '', ''),
(8, 1, 'Walk In Customer', '', '', '2020-09-13 17:26:30', 3, 'Mateka Agrovet', 'Along Mateka Road\r\nBungoma, Kenya', '0718477560', '<p>Thank you for Shopping with Us!</p>', '', 1820.00, 0.00, '', 0.00, 1820.00, 16, 1, 'Cash', '', 2000.00, 180.00, 1, '2020-09-13 17:26:30', 0, '0000-00-00 00:00:00', 1, 1, 0, '', ''),
(9, 1, 'Walk In Customer', '', '', '2020-09-15 07:51:31', 3, 'Mateka Agrovet', 'Along Mateka Road\r\nBungoma, Kenya', '0718477560', '<p>Thank you for Shopping with Us!</p>', '', 1400.00, 0.00, '', 0.00, 1400.00, 1, 1, 'Cash', '', 2000.00, 600.00, 6, '2020-09-15 07:51:31', 0, '0000-00-00 00:00:00', 1, 1, 0, '', ''),
(10, 1, 'Walk In Customer', '', '', '2020-09-15 07:52:54', 3, 'Mateka Agrovet', 'Along Mateka Road\r\nBungoma, Kenya', '0718477560', '<p>Thank you for Shopping with Us!</p>', '', 400.00, 0.00, '', 0.00, 400.00, 2, 1, 'Cash', '', 500.00, 100.00, 6, '2020-09-15 07:52:54', 0, '0000-00-00 00:00:00', 1, 1, 0, '', ''),
(11, 1, 'Walk In Customer', '', '', '2020-09-15 07:54:35', 3, 'Mateka Agrovet', 'Along Mateka Road\r\nBungoma, Kenya', '0718477560', '<p>Thank you for Shopping with Us!</p>', '', 195.00, 5.00, '', 0.00, 195.00, 1, 1, 'Cash', '', 200.00, 5.00, 6, '2020-09-15 07:54:35', 0, '0000-00-00 00:00:00', 1, 1, 0, '', ''),
(12, 1, 'Walk In Customer', '', '', '2020-09-15 08:21:36', 3, 'Mateka Agrovet', 'Along Mateka Road\r\nBungoma, Kenya', '0718477560', '<p>Thank you for Shopping with Us!</p>', '', 360.00, 0.00, '', 0.00, 360.00, 2, 1, 'Cash', '', 360.00, 0.00, 6, '2020-09-15 08:21:36', 0, '0000-00-00 00:00:00', 1, 1, 0, '', ''),
(13, 1, 'Walk In Customer', '', '', '2020-09-15 09:16:23', 3, 'Mateka Agrovet', 'Along Mateka Road\r\nBungoma, Kenya', '0718477560', '<p>Thank you for Shopping with Us!</p>', '', 180.00, 0.00, '', 0.00, 180.00, 1, 1, 'Cash', '', 180.00, 0.00, 6, '2020-09-15 09:16:23', 0, '0000-00-00 00:00:00', 1, 1, 0, '', ''),
(14, 1, 'Walk In Customer', '', '', '2020-09-15 09:23:12', 3, 'Mateka Agrovet', 'Along Mateka Road\r\nBungoma, Kenya', '0718477560', '<p>Thank you for Shopping with Us!</p>', '', 20.00, 0.00, '', 0.00, 20.00, 1, 1, 'Cash', '', 20.00, 0.00, 6, '2020-09-15 09:23:12', 0, '0000-00-00 00:00:00', 1, 1, 0, '', ''),
(15, 1, 'Walk In Customer', '', '', '2020-09-15 12:10:39', 3, 'Mateka Agrovet', 'Along Mateka Road\r\nBungoma, Kenya', '0718477560', '<p>Thank you for Shopping with Us!</p>', '', 120.00, 0.00, '', 0.00, 120.00, 1, 1, 'Cash', '', 120.00, 0.00, 6, '2020-09-15 12:10:39', 0, '0000-00-00 00:00:00', 1, 1, 0, '', ''),
(16, 1, 'Walk In Customer', '', '', '2020-09-15 17:04:52', 3, 'Mateka Agrovet', 'Along Mateka Road\r\nBungoma, Kenya', '0718477560', '<p>Thank you for Shopping with Us!</p>', '', 100.00, 0.00, '', 0.00, 100.00, 1, 1, 'Cash', '', 120.00, 20.00, 6, '2020-09-15 17:04:52', 0, '0000-00-00 00:00:00', 1, 1, 0, '', ''),
(17, 1, 'Walk In Customer', '', '', '2020-09-15 17:36:50', 3, 'Mateka Agrovet', 'Along Mateka Road\r\nBungoma, Kenya', '0718477560', '<p>Thank you for Shopping with Us!</p>', '', 100.00, 0.00, '', 0.00, 100.00, 1, 1, 'Cash', '', 100.00, 0.00, 6, '2020-09-15 17:36:50', 0, '0000-00-00 00:00:00', 1, 1, 0, '', '');

-- --------------------------------------------------------

--
-- Table structure for table `order_items`
--

CREATE TABLE `order_items` (
  `id` int(11) NOT NULL,
  `order_id` int(11) NOT NULL,
  `product_code` varchar(499) COLLATE utf8_unicode_ci NOT NULL,
  `product_name` varchar(499) COLLATE utf8_unicode_ci NOT NULL,
  `product_category` int(11) NOT NULL,
  `cost` double(11,2) NOT NULL,
  `price` double(11,2) NOT NULL,
  `qty` int(11) NOT NULL
) ENGINE=MyISAM DEFAULT CHARSET=utf8 COLLATE=utf8_unicode_ci;

--
-- Dumping data for table `order_items`
--

INSERT INTO `order_items` (`id`, `order_id`, `product_code`, `product_name`, `product_category`, `cost`, `price`, `qty`) VALUES
(1, 1, 'shipping', 'Shipping', 3, 350.00, 350.00, 1),
(2, 1, 'covid', 'Covid-19 (600 Words)', 3, 420.00, 420.00, 1),
(3, 2, 'milras', 'Milras WP 7B', 12, 200.00, 200.00, 1),
(4, 2, 'chickstart100', 'Chick Start 100g', 12, 100.00, 100.00, 1),
(5, 2, 'chickstart', 'Chick Start (30g)', 12, 70.00, 70.00, 1),
(6, 2, 'kungunil', 'Kungunil', 12, 100.00, 100.00, 1),
(7, 3, 'kungunil', 'Kungunil', 12, 100.00, 100.00, 1),
(8, 3, 'milras', 'Milras WP 7B', 12, 200.00, 200.00, 1),
(9, 4, 'biotrimvet', 'Biotrim Vet', 12, 105.00, 120.00, 15),
(10, 5, '403', 'Maize 403', 11, 530.00, 530.00, 5),
(11, 5, 'dap', 'DAP 1 Koro', 9, 180.00, 180.00, 1),
(12, 5, 'dap10', 'D.A.P (10kg)', 9, 700.00, 700.00, 1),
(13, 6, '403', 'Maize 403', 11, 530.00, 530.00, 1),
(14, 7, 'chickstart', 'Chick Start (30g)', 12, 70.00, 70.00, 1),
(15, 8, 'milras', 'Milras WP 7B', 12, 200.00, 200.00, 1),
(16, 8, 'chickstart', 'Chick Start (30g)', 12, 70.00, 70.00, 4),
(17, 8, 'chickstart100', 'Chick Start 100g', 12, 100.00, 100.00, 3),
(18, 8, 'botabooster12', 'Bota Booster (1/2L)', 12, 70.00, 70.00, 1),
(19, 8, 'vetoxy', 'Vetoxy', 12, 100.00, 100.00, 1),
(20, 8, 'esb30', 'Esb 30%', 12, 300.00, 300.00, 1),
(21, 8, 'levafas', 'Levafas', 12, 130.00, 130.00, 1),
(22, 8, 'levafasdiamond', 'Levafas Diamond', 12, 200.00, 200.00, 1),
(23, 8, 'kungunil', 'Kungunil', 12, 100.00, 100.00, 1),
(24, 8, 'sevindudu50', 'Sevin Dudu Dust (50g)', 12, 70.00, 70.00, 2),
(25, 9, 'urea25', 'UREA (25KG)', 9, 1400.00, 1400.00, 1),
(26, 10, 'easeed25', 'EA SEED (25g)', 10, 200.00, 200.00, 2),
(27, 11, 'Ortiva20sc', 'Ortiva 250 SC', 12, 200.00, 200.00, 1),
(28, 12, 'dap', 'DAP 1 Koro', 9, 180.00, 180.00, 2),
(29, 13, 'dap', 'DAP 1 Koro', 9, 180.00, 180.00, 1),
(30, 14, 'debendazole', 'Debendazole Bolus', 12, 20.00, 20.00, 1),
(31, 15, 'biotrimvet', 'Biotrim Vet', 12, 105.00, 120.00, 1),
(32, 16, 'botabooster1l', 'Bota Booster (1L)', 12, 100.00, 100.00, 1),
(33, 17, 'botabooster1l', 'Bota Booster (1L)', 12, 100.00, 100.00, 1);

-- --------------------------------------------------------

--
-- Table structure for table `outlets`
--

CREATE TABLE `outlets` (
  `id` int(11) NOT NULL,
  `name` varchar(499) COLLATE utf8_unicode_ci NOT NULL,
  `address` longtext COLLATE utf8_unicode_ci NOT NULL,
  `contact_number` varchar(499) COLLATE utf8_unicode_ci NOT NULL,
  `receipt_header` longtext COLLATE utf8_unicode_ci NOT NULL,
  `receipt_footer` longtext COLLATE utf8_unicode_ci NOT NULL,
  `created_user_id` int(11) NOT NULL,
  `created_datetime` datetime NOT NULL,
  `updated_user_id` int(11) NOT NULL,
  `updated_datetime` datetime NOT NULL,
  `status` int(11) NOT NULL COMMENT '1: Active, 0: Inactive'
) ENGINE=MyISAM DEFAULT CHARSET=utf8 COLLATE=utf8_unicode_ci;

--
-- Dumping data for table `outlets`
--

INSERT INTO `outlets` (`id`, `name`, `address`, `contact_number`, `receipt_header`, `receipt_footer`, `created_user_id`, `created_datetime`, `updated_user_id`, `updated_datetime`, `status`) VALUES
(3, 'Mateka Agrovet', 'Along Mateka Road\r\nBungoma, Kenya', '0718477560', '', '<p>Thank you for Shopping with Us!</p>', 1, '2016-09-11 19:25:52', 1, '2020-09-12 11:15:20', 1);

-- --------------------------------------------------------

--
-- Table structure for table `payment_method`
--

CREATE TABLE `payment_method` (
  `id` int(11) NOT NULL,
  `name` varchar(255) COLLATE utf8_unicode_ci NOT NULL,
  `created_user_id` int(11) NOT NULL,
  `created_datetime` datetime NOT NULL,
  `updated_user_id` int(11) NOT NULL,
  `updated_datetime` datetime NOT NULL,
  `status` int(1) NOT NULL
) ENGINE=MyISAM DEFAULT CHARSET=utf8 COLLATE=utf8_unicode_ci;

--
-- Dumping data for table `payment_method`
--

INSERT INTO `payment_method` (`id`, `name`, `created_user_id`, `created_datetime`, `updated_user_id`, `updated_datetime`, `status`) VALUES
(1, 'Cash', 1, '2016-09-25 01:43:41', 0, '0000-00-00 00:00:00', 1),
(2, 'Nett', 1, '2016-09-25 01:43:45', 0, '0000-00-00 00:00:00', 1),
(3, 'VISA', 1, '2016-09-25 01:43:50', 0, '0000-00-00 00:00:00', 1),
(4, 'Master Card', 1, '2016-09-25 01:43:58', 0, '0000-00-00 00:00:00', 1),
(5, 'Cheque', 1, '2016-09-25 01:44:02', 0, '0000-00-00 00:00:00', 1),
(6, 'Debit', 1, '2016-09-25 01:44:05', 0, '0000-00-00 00:00:00', 1),
(7, 'Gift Card', 1, '2016-10-16 01:23:05', 0, '0000-00-00 00:00:00', 1);

-- --------------------------------------------------------

--
-- Table structure for table `products`
--

CREATE TABLE `products` (
  `id` int(11) NOT NULL,
  `code` varchar(499) COLLATE utf8_unicode_ci NOT NULL,
  `name` varchar(499) COLLATE utf8_unicode_ci NOT NULL,
  `category` int(11) NOT NULL,
  `purchase_price` double(11,2) NOT NULL,
  `retail_price` double(11,2) NOT NULL,
  `thumbnail` varchar(499) COLLATE utf8_unicode_ci NOT NULL,
  `created_user_id` int(11) NOT NULL,
  `created_datetime` datetime NOT NULL,
  `updated_user_id` int(11) NOT NULL,
  `updated_datetime` datetime NOT NULL,
  `status` int(11) NOT NULL
) ENGINE=MyISAM DEFAULT CHARSET=utf8 COLLATE=utf8_unicode_ci;

--
-- Dumping data for table `products`
--

INSERT INTO `products` (`id`, `code`, `name`, `category`, `purchase_price`, `retail_price`, `thumbnail`, `created_user_id`, `created_datetime`, `updated_user_id`, `updated_datetime`, `status`) VALUES
(21, '505', 'Maize 505', 11, 530.00, 530.00, 'no_image.jpg', 1, '2020-09-11 17:42:12', 0, '0000-00-00 00:00:00', 1),
(22, '403', 'Maize 403', 11, 530.00, 530.00, 'no_image.jpg', 1, '2020-09-11 17:42:25', 0, '0000-00-00 00:00:00', 1),
(23, '507', 'Maize 507', 11, 530.00, 530.00, 'no_image.jpg', 1, '2020-09-11 17:42:37', 0, '0000-00-00 00:00:00', 1),
(24, 'dk', 'Maize DK', 11, 500.00, 500.00, 'no_image.jpg', 1, '2020-09-11 17:43:00', 0, '0000-00-00 00:00:00', 1),
(25, '513', 'Maize 513', 11, 360.00, 360.00, 'no_image.jpg', 1, '2020-09-11 17:43:15', 0, '0000-00-00 00:00:00', 1),
(26, '509', 'Maize 509', 11, 500.00, 500.00, 'no_image.jpg', 1, '2020-09-11 17:43:27', 0, '0000-00-00 00:00:00', 1),
(27, '101', 'Maize 101', 11, 500.00, 500.00, 'no_image.jpg', 1, '2020-09-11 17:43:43', 0, '0000-00-00 00:00:00', 1),
(28, 'dap', 'DAP 1 Koro', 9, 180.00, 180.00, 'no_image.jpg', 1, '2020-09-11 17:44:13', 0, '0000-00-00 00:00:00', 1),
(29, 'dap10', 'D.A.P (10kg)', 9, 700.00, 700.00, 'no_image.jpg', 1, '2020-09-11 17:44:31', 0, '0000-00-00 00:00:00', 1),
(30, 'dap25', 'D.A.P (25KG)', 9, 1600.00, 1600.00, 'no_image.jpg', 1, '2020-09-11 17:44:51', 0, '0000-00-00 00:00:00', 1),
(31, 'dap50', 'D.A.P (50KG)', 9, 2100.00, 2100.00, 'no_image.jpg', 1, '2020-09-11 17:45:11', 0, '0000-00-00 00:00:00', 1),
(32, 'urea1', 'UREA (1 koro)', 9, 120.00, 120.00, 'no_image.jpg', 1, '2020-09-11 17:45:29', 0, '0000-00-00 00:00:00', 1),
(33, 'urea10', 'UREA (10KG)', 9, 600.00, 600.00, 'no_image.jpg', 1, '2020-09-11 17:45:47', 0, '0000-00-00 00:00:00', 1),
(34, 'urea25', 'UREA (25KG)', 9, 1400.00, 1400.00, 'no_image.jpg', 1, '2020-09-11 17:46:02', 0, '0000-00-00 00:00:00', 1),
(35, 'urea50', 'UREA (50KG)', 9, 2400.00, 2400.00, 'no_image.jpg', 1, '2020-09-11 17:46:24', 0, '0000-00-00 00:00:00', 1),
(36, 'easeedo', 'EA SEED ONION (10g)', 10, 120.00, 120.00, 'no_image.jpg', 1, '2020-09-11 17:46:54', 0, '0000-00-00 00:00:00', 1),
(37, 'easeed25', 'EA SEED (25g)', 10, 200.00, 200.00, 'no_image.jpg', 1, '2020-09-11 17:47:09', 0, '0000-00-00 00:00:00', 1),
(38, 'easeedsukuma', 'EA SEED SUKUM (10g)', 10, 60.00, 60.00, 'no_image.jpg', 1, '2020-09-11 17:47:34', 0, '0000-00-00 00:00:00', 1),
(39, 'easukuma25', 'EA SEED SUKUMA (25g)', 10, 150.00, 150.00, 'no_image.jpg', 1, '2020-09-11 17:47:52', 0, '0000-00-00 00:00:00', 1),
(40, 'simlawtomato', 'SIMLAW SEED (Tomato)', 10, 300.00, 300.00, 'no_image.jpg', 1, '2020-09-11 17:48:17', 0, '0000-00-00 00:00:00', 1),
(41, 'easeedcabbage', 'EA SEED (CABBAGE)', 10, 180.00, 180.00, 'no_image.jpg', 1, '2020-09-11 17:49:10', 0, '0000-00-00 00:00:00', 1),
(42, 'easygrow', 'EASY GROW (10G)', 10, 160.00, 160.00, 'no_image.jpg', 1, '2020-09-11 17:49:55', 0, '0000-00-00 00:00:00', 1),
(43, 'easygrow10', 'EASY GROW (10G)', 10, 80.00, 80.00, 'no_image.jpg', 1, '2020-09-11 17:50:54', 0, '0000-00-00 00:00:00', 1),
(44, 'albafas1l', 'Albafas 10% 1L', 12, 600.00, 600.00, 'no_image.jpg', 1, '2020-09-11 17:58:09', 0, '0000-00-00 00:00:00', 1),
(45, 'albafas120ml', 'Albafas 10% 120ML', 12, 150.00, 150.00, 'no_image.jpg', 1, '2020-09-11 17:58:28', 1, '2020-09-11 18:31:29', 1),
(46, 'albafas40ml', 'Albafas 10% 40ml', 12, 80.00, 80.00, 'no_image.jpg', 1, '2020-09-11 17:58:52', 0, '0000-00-00 00:00:00', 1),
(47, 'albendazole25', 'Albendazole 2.5%', 12, 70.00, 70.00, 'no_image.jpg', 1, '2020-09-11 17:59:49', 0, '0000-00-00 00:00:00', 1),
(48, 'worcricidbolus', 'Worcricid Bolus', 12, 20.00, 20.00, 'no_image.jpg', 1, '2020-09-11 18:00:09', 0, '0000-00-00 00:00:00', 1),
(49, 'dispetotrimbolus', 'Diseptotrim Bolus', 12, 20.00, 20.00, 'no_image.jpg', 1, '2020-09-11 18:00:35', 0, '0000-00-00 00:00:00', 1),
(50, 'debendazole', 'Debendazole Bolus', 12, 20.00, 20.00, 'no_image.jpg', 1, '2020-09-11 18:00:51', 0, '0000-00-00 00:00:00', 1),
(51, 'Oxycolplus', 'Oxycol Plus', 12, 200.00, 200.00, 'no_image.jpg', 1, '2020-09-11 18:01:08', 0, '0000-00-00 00:00:00', 1),
(52, 'rindomolcold', 'Rindomol Cold', 12, 150.00, 150.00, 'no_image.jpg', 1, '2020-09-11 18:01:28', 0, '0000-00-00 00:00:00', 1),
(53, 'Ortiva20sc', 'Ortiva 250 SC', 12, 200.00, 200.00, 'no_image.jpg', 1, '2020-09-11 18:01:47', 0, '0000-00-00 00:00:00', 1),
(54, 'match050tc', 'Match 050 Tc', 12, 180.00, 180.00, 'no_image.jpg', 1, '2020-09-11 18:02:37', 0, '0000-00-00 00:00:00', 1),
(55, 'lightkaolin250', 'Light Kaolin 250g', 12, 80.00, 80.00, 'no_image.jpg', 1, '2020-09-11 18:03:36', 0, '0000-00-00 00:00:00', 1),
(56, 'lightkaolin100', 'Light Kaolin (100g)', 12, 50.00, 50.00, 'no_image.jpg', 1, '2020-09-11 18:03:53', 0, '0000-00-00 00:00:00', 1),
(57, 'cotrino24g', 'Cotrino 24g', 12, 100.00, 100.00, 'no_image.jpg', 1, '2020-09-11 18:05:16', 0, '0000-00-00 00:00:00', 1),
(58, 'milkingsalve100', 'Milking Salve (100g)', 12, 100.00, 100.00, 'no_image.jpg', 1, '2020-09-11 18:05:37', 0, '0000-00-00 00:00:00', 1),
(59, 'ciamex250g', 'Ciamex (250g)', 12, 150.00, 150.00, 'no_image.jpg', 1, '2020-09-11 18:05:53', 0, '0000-00-00 00:00:00', 1),
(60, 'stocklick1kg', 'Stocklick (1kg)', 12, 30.00, 30.00, 'no_image.jpg', 1, '2020-09-11 18:06:16', 0, '0000-00-00 00:00:00', 1),
(61, 'Maclicksuper', 'Maclick Super', 12, 200.00, 200.00, 'no_image.jpg', 1, '2020-09-11 18:06:34', 0, '0000-00-00 00:00:00', 1),
(62, 'maclickmineral', 'Maclick Menral Brick (2KG)', 12, 250.00, 250.00, 'no_image.jpg', 1, '2020-09-11 18:06:54', 0, '0000-00-00 00:00:00', 1),
(63, 'chalidudu', 'Chali Dudu (250g)', 12, 150.00, 150.00, 'no_image.jpg', 1, '2020-09-11 18:07:23', 0, '0000-00-00 00:00:00', 1),
(76, 'tryponil', 'Tryponil', 12, 60.00, 60.00, 'tryponil.jpg', 1, '2020-09-11 18:20:13', 0, '0000-00-00 00:00:00', 1),
(65, 'sevindudu100', 'Sevin Dudu Dust (100g)', 12, 100.00, 100.00, 'no_image.jpg', 1, '2020-09-11 18:08:01', 1, '2020-09-11 18:13:42', 1),
(66, 'sevindudu200', 'Sevin Dudu Dust (200g)', 12, 150.00, 150.00, 'no_image.jpg', 1, '2020-09-11 18:08:25', 1, '2020-09-11 18:14:21', 1),
(67, 'farmtraz40ml', 'Farm Traz (40ML)', 12, 100.00, 100.00, 'no_image.jpg', 1, '2020-09-11 18:08:55', 0, '0000-00-00 00:00:00', 1),
(68, 'farmtraz100', 'Farm Traz (100ML)', 12, 200.00, 200.00, 'no_image.jpg', 1, '2020-09-11 18:09:11', 0, '0000-00-00 00:00:00', 1),
(69, 'Triatix40', 'Triatix (40ML)', 12, 150.00, 150.00, 'no_image.jpg', 1, '2020-09-11 18:09:32', 0, '0000-00-00 00:00:00', 1),
(70, 'Triatix100', 'Triatix (100ML)', 12, 300.00, 300.00, 'no_image.jpg', 1, '2020-09-11 18:09:45', 0, '0000-00-00 00:00:00', 1),
(71, 'duodip20ml', 'Duodip (20ML)', 12, 180.00, 180.00, 'no_image.jpg', 1, '2020-09-11 18:10:00', 0, '0000-00-00 00:00:00', 1),
(72, 'norofraz40ml', 'Norofraz (40ML)', 12, 120.00, 120.00, 'no_image.jpg', 1, '2020-09-11 18:10:32', 0, '0000-00-00 00:00:00', 1),
(73, 'botabooster1l', 'Bota Booster (1L)', 12, 100.00, 100.00, 'no_image.jpg', 1, '2020-09-11 18:10:52', 0, '0000-00-00 00:00:00', 1),
(74, 'botabooster12', 'Bota Booster (1/2L)', 12, 70.00, 70.00, 'no_image.jpg', 1, '2020-09-11 18:11:14', 0, '0000-00-00 00:00:00', 1),
(75, 'sevindudu50', 'Sevin Dudu Dust (50g)', 12, 70.00, 70.00, 'sevindudu50.jpg', 1, '2020-09-11 18:15:53', 0, '0000-00-00 00:00:00', 1),
(77, 'neocidol', 'Neocidol', 12, 100.00, 100.00, 'neocidol.png', 1, '2020-09-11 18:20:53', 0, '0000-00-00 00:00:00', 1),
(78, 'kungunil', 'Kungunil', 12, 100.00, 100.00, 'kungunil.jpg', 1, '2020-09-11 18:21:47', 0, '0000-00-00 00:00:00', 1),
(79, 'nilzanplus', 'Nilzanplus', 12, 250.00, 250.00, 'nilzanplus.png', 1, '2020-09-11 18:22:23', 0, '0000-00-00 00:00:00', 1),
(80, 'levafas', 'Levafas', 12, 130.00, 130.00, 'levafas.jpg', 1, '2020-09-11 18:23:02', 0, '0000-00-00 00:00:00', 1),
(81, 'levafasdiamond', 'Levafas Diamond', 12, 200.00, 200.00, 'levafasdiamond.jpg', 1, '2020-09-11 18:23:29', 0, '0000-00-00 00:00:00', 1),
(82, 'esb30', 'Esb 30%', 12, 300.00, 300.00, 'esb30.jpg', 1, '2020-09-11 18:24:04', 0, '0000-00-00 00:00:00', 1),
(83, 'chickstart', 'Chick Start (30g)', 12, 70.00, 70.00, 'chickstart.jpg', 1, '2020-09-11 18:24:43', 0, '0000-00-00 00:00:00', 1),
(84, 'chickstart100', 'Chick Start 100g', 12, 100.00, 100.00, 'chickstart100.jpg', 1, '2020-09-11 18:25:03', 0, '0000-00-00 00:00:00', 1),
(85, 'milras', 'Milras WP 7B', 12, 200.00, 200.00, 'milras.jpg', 1, '2020-09-11 18:27:24', 0, '0000-00-00 00:00:00', 1),
(86, 'vetoxy', 'Vetoxy', 12, 100.00, 100.00, 'vetoxy.jpg', 1, '2020-09-11 18:28:59', 0, '0000-00-00 00:00:00', 1),
(87, 'biotrimvet', 'Biotrim Vet', 12, 105.00, 120.00, 'biotrimvet.png', 1, '2020-09-11 18:30:29', 1, '2020-09-15 08:11:39', 1),
(88, 'Rocket', 'Rocket', 12, 150.00, 200.00, 'no_image.jpg', 1, '2020-09-15 08:13:39', 0, '0000-00-00 00:00:00', 1);

-- --------------------------------------------------------

--
-- Table structure for table `purchase_order`
--

CREATE TABLE `purchase_order` (
  `id` int(11) NOT NULL,
  `po_number` varchar(499) COLLATE utf8_unicode_ci NOT NULL,
  `discount_amount` double(11,2) NOT NULL,
  `discount_percentage` varchar(30) COLLATE utf8_unicode_ci NOT NULL,
  `subTotal` double(11,2) NOT NULL,
  `tax` double(11,2) NOT NULL,
  `grandTotal` double(11,2) NOT NULL,
  `supplier_id` int(11) NOT NULL,
  `supplier_tax` double(11,2) NOT NULL,
  `supplier_name` varchar(499) COLLATE utf8_unicode_ci NOT NULL,
  `supplier_email` varchar(499) COLLATE utf8_unicode_ci NOT NULL,
  `supplier_address` longtext COLLATE utf8_unicode_ci NOT NULL,
  `supplier_tel` varchar(255) COLLATE utf8_unicode_ci NOT NULL,
  `supplier_fax` varchar(255) COLLATE utf8_unicode_ci NOT NULL,
  `outlet_id` int(11) NOT NULL,
  `outlet_name` varchar(499) COLLATE utf8_unicode_ci NOT NULL,
  `outlet_address` longtext COLLATE utf8_unicode_ci NOT NULL,
  `outlet_contact` varchar(499) COLLATE utf8_unicode_ci NOT NULL,
  `po_date` date NOT NULL,
  `attachment_file` varchar(499) COLLATE utf8_unicode_ci NOT NULL,
  `note` longtext COLLATE utf8_unicode_ci NOT NULL,
  `created_user_id` int(11) NOT NULL,
  `created_datetime` datetime NOT NULL,
  `updated_user_id` int(11) NOT NULL,
  `updated_datetime` datetime NOT NULL,
  `received_user_id` int(11) NOT NULL,
  `received_datetime` datetime NOT NULL,
  `status` int(11) NOT NULL
) ENGINE=MyISAM DEFAULT CHARSET=utf8 COLLATE=utf8_unicode_ci;

--
-- Dumping data for table `purchase_order`
--

INSERT INTO `purchase_order` (`id`, `po_number`, `discount_amount`, `discount_percentage`, `subTotal`, `tax`, `grandTotal`, `supplier_id`, `supplier_tax`, `supplier_name`, `supplier_email`, `supplier_address`, `supplier_tel`, `supplier_fax`, `outlet_id`, `outlet_name`, `outlet_address`, `outlet_contact`, `po_date`, `attachment_file`, `note`, `created_user_id`, `created_datetime`, `updated_user_id`, `updated_datetime`, `received_user_id`, `received_datetime`, `status`) VALUES
(1, '1', 0.00, '', 0.00, 0.00, 0.00, 3, 0.00, 'KK Food Supplier', '', 'saf sdaf\r\n', '92929292', '', 3, 'Mateka Agrovet', 'Along Mateka Road\r\nBungoma, Kenya', '0711225544', '2020-09-12', '', '', 1, '2020-09-12 08:49:38', 0, '0000-00-00 00:00:00', 0, '0000-00-00 00:00:00', 1);

-- --------------------------------------------------------

--
-- Table structure for table `purchase_order_items`
--

CREATE TABLE `purchase_order_items` (
  `id` int(11) NOT NULL,
  `po_id` int(11) NOT NULL,
  `product_code` varchar(499) COLLATE utf8_unicode_ci NOT NULL,
  `ordered_qty` int(11) NOT NULL,
  `received_qty` int(11) NOT NULL,
  `cost` double(11,2) NOT NULL
) ENGINE=MyISAM DEFAULT CHARSET=utf8 COLLATE=utf8_unicode_ci;

--
-- Dumping data for table `purchase_order_items`
--

INSERT INTO `purchase_order_items` (`id`, `po_id`, `product_code`, `ordered_qty`, `received_qty`, `cost`) VALUES
(1, 1, 'milras', 1, 0, 0.00);

-- --------------------------------------------------------

--
-- Table structure for table `purchase_order_status`
--

CREATE TABLE `purchase_order_status` (
  `id` int(11) NOT NULL,
  `name` varchar(255) COLLATE utf8_unicode_ci NOT NULL,
  `created_user_id` int(11) NOT NULL,
  `created_datetime` datetime NOT NULL,
  `updated_user_id` int(11) NOT NULL,
  `updated_datetime` datetime NOT NULL,
  `status` int(11) NOT NULL
) ENGINE=MyISAM DEFAULT CHARSET=utf8 COLLATE=utf8_unicode_ci;

--
-- Dumping data for table `purchase_order_status`
--

INSERT INTO `purchase_order_status` (`id`, `name`, `created_user_id`, `created_datetime`, `updated_user_id`, `updated_datetime`, `status`) VALUES
(1, 'Created', 1, '2016-09-10 00:00:00', 0, '0000-00-00 00:00:00', 1),
(2, 'Sent To Supplier', 1, '2016-09-10 00:00:00', 0, '0000-00-00 00:00:00', 1),
(3, 'Received From Supplier', 1, '2016-09-10 00:00:00', 0, '0000-00-00 00:00:00', 1);

-- --------------------------------------------------------

--
-- Table structure for table `return_items`
--

CREATE TABLE `return_items` (
  `id` int(11) NOT NULL,
  `order_id` int(11) NOT NULL,
  `product_code` varchar(499) COLLATE utf8_unicode_ci NOT NULL,
  `price` double(11,2) NOT NULL,
  `qty` int(11) NOT NULL,
  `item_condition` int(11) NOT NULL COMMENT '1: Good, 2: Not Good'
) ENGINE=MyISAM DEFAULT CHARSET=utf8 COLLATE=utf8_unicode_ci;

-- --------------------------------------------------------

--
-- Table structure for table `site_setting`
--

CREATE TABLE `site_setting` (
  `id` int(11) NOT NULL,
  `site_name` varchar(499) COLLATE utf8_unicode_ci NOT NULL,
  `site_logo` varchar(255) COLLATE utf8_unicode_ci NOT NULL,
  `timezone` varchar(499) COLLATE utf8_unicode_ci NOT NULL,
  `pagination` int(11) NOT NULL,
  `tax` double(11,2) NOT NULL,
  `currency` char(3) COLLATE utf8_unicode_ci NOT NULL,
  `datetime_format` varchar(30) COLLATE utf8_unicode_ci NOT NULL,
  `display_product` int(11) NOT NULL,
  `display_keyboard` int(11) NOT NULL,
  `default_customer_id` int(11) NOT NULL,
  `updated_user_id` int(11) NOT NULL,
  `updated_datetime` datetime NOT NULL
) ENGINE=MyISAM DEFAULT CHARSET=utf8 COLLATE=utf8_unicode_ci;

--
-- Dumping data for table `site_setting`
--

INSERT INTO `site_setting` (`id`, `site_name`, `site_logo`, `timezone`, `pagination`, `tax`, `currency`, `datetime_format`, `display_product`, `display_keyboard`, `default_customer_id`, `updated_user_id`, `updated_datetime`) VALUES
(1, 'Mateka Agrovet', 'logo.jpg', 'Africa/Nairobi', 10, 0.00, 'KES', 'd-m-Y', 3, 1, 1, 1, '2020-09-13 17:25:14');

-- --------------------------------------------------------

--
-- Table structure for table `suppliers`
--

CREATE TABLE `suppliers` (
  `id` int(11) NOT NULL,
  `name` varchar(4999) COLLATE utf8_unicode_ci NOT NULL,
  `tax` double(11,2) NOT NULL,
  `email` varchar(255) COLLATE utf8_unicode_ci NOT NULL,
  `address` longtext COLLATE utf8_unicode_ci NOT NULL,
  `tel` varchar(255) COLLATE utf8_unicode_ci NOT NULL,
  `fax` varchar(255) COLLATE utf8_unicode_ci NOT NULL,
  `created_user_id` int(11) NOT NULL,
  `created_datetime` datetime NOT NULL,
  `updated_user_id` int(11) NOT NULL,
  `updated_datetime` datetime NOT NULL,
  `status` int(1) NOT NULL
) ENGINE=MyISAM DEFAULT CHARSET=utf8 COLLATE=utf8_unicode_ci;

--
-- Dumping data for table `suppliers`
--

INSERT INTO `suppliers` (`id`, `name`, `tax`, `email`, `address`, `tel`, `fax`, `created_user_id`, `created_datetime`, `updated_user_id`, `updated_datetime`, `status`) VALUES
(1, 'Drink Co., Ltd', 2.00, 'drink@gmail.com', 'Macpherson Industrial Zone, Aljunied, Singapore', '82938484', '82938483', 1, '2016-09-11 19:29:24', 1, '2016-11-19 17:39:55', 1),
(3, 'KK Food Supplier', 0.00, '', 'saf sdaf\r\n', '92929292', '', 1, '2016-11-19 17:42:18', 0, '0000-00-00 00:00:00', 1);

-- --------------------------------------------------------

--
-- Table structure for table `suspend`
--

CREATE TABLE `suspend` (
  `id` int(11) NOT NULL,
  `customer_id` int(11) NOT NULL,
  `fullname` varchar(499) COLLATE utf8_unicode_ci NOT NULL,
  `email` varchar(499) COLLATE utf8_unicode_ci NOT NULL,
  `mobile` varchar(255) COLLATE utf8_unicode_ci NOT NULL,
  `ref_number` varchar(499) COLLATE utf8_unicode_ci NOT NULL,
  `outlet_id` int(11) NOT NULL,
  `subtotal` double(11,2) NOT NULL,
  `discount_total` double(11,2) NOT NULL,
  `tax` double(11,2) NOT NULL,
  `grandtotal` double(11,2) NOT NULL,
  `total_items` int(11) NOT NULL,
  `created_user_id` int(11) NOT NULL,
  `created_datetime` datetime NOT NULL,
  `updated_user_id` int(11) NOT NULL,
  `updated_datetime` datetime NOT NULL,
  `status` int(11) NOT NULL
) ENGINE=MyISAM DEFAULT CHARSET=utf8 COLLATE=utf8_unicode_ci;

-- --------------------------------------------------------

--
-- Table structure for table `suspend_items`
--

CREATE TABLE `suspend_items` (
  `id` int(11) NOT NULL,
  `suspend_id` int(11) NOT NULL,
  `product_code` varchar(499) COLLATE utf8_unicode_ci NOT NULL,
  `product_name` varchar(499) COLLATE utf8_unicode_ci NOT NULL,
  `product_category` int(11) NOT NULL,
  `product_cost` double(11,2) NOT NULL,
  `qty` int(11) NOT NULL,
  `product_price` varchar(499) COLLATE utf8_unicode_ci NOT NULL
) ENGINE=MyISAM DEFAULT CHARSET=utf8 COLLATE=utf8_unicode_ci;

-- --------------------------------------------------------

--
-- Table structure for table `timezones`
--

CREATE TABLE `timezones` (
  `id` int(11) NOT NULL,
  `code` varchar(30) COLLATE utf8_unicode_ci NOT NULL,
  `timezone` varchar(499) COLLATE utf8_unicode_ci NOT NULL
) ENGINE=MyISAM DEFAULT CHARSET=utf8 COLLATE=utf8_unicode_ci;

--
-- Dumping data for table `timezones`
--

INSERT INTO `timezones` (`id`, `code`, `timezone`) VALUES
(1, 'AD', 'Europe/Andorra'),
(2, 'AE', 'Asia/Dubai'),
(3, 'AF', 'Asia/Kabul'),
(4, 'AG', 'America/Antigua'),
(5, 'AI', 'America/Anguilla'),
(6, 'AL', 'Europe/Tirane'),
(7, 'AM', 'Asia/Yerevan'),
(8, 'AO', 'Africa/Luanda'),
(9, 'AQ', 'Antarctica/McMurdo'),
(10, 'AQ', 'Antarctica/Casey'),
(11, 'AQ', 'Antarctica/Davis'),
(12, 'AQ', 'Antarctica/DumontDUrville'),
(13, 'AQ', 'Antarctica/Mawson'),
(14, 'AQ', 'Antarctica/Palmer'),
(15, 'AQ', 'Antarctica/Rothera'),
(16, 'AQ', 'Antarctica/Syowa'),
(17, 'AQ', 'Antarctica/Troll'),
(18, 'AQ', 'Antarctica/Vostok'),
(19, 'AR', 'America/Argentina/Buenos_Aires'),
(20, 'AR', 'America/Argentina/Cordoba'),
(21, 'AR', 'America/Argentina/Salta'),
(22, 'AR', 'America/Argentina/Jujuy'),
(23, 'AR', 'America/Argentina/Tucuman'),
(24, 'AR', 'America/Argentina/Catamarca'),
(25, 'AR', 'America/Argentina/La_Rioja'),
(26, 'AR', 'America/Argentina/San_Juan'),
(27, 'AR', 'America/Argentina/Mendoza'),
(28, 'AR', 'America/Argentina/San_Luis'),
(29, 'AR', 'America/Argentina/Rio_Gallegos'),
(30, 'AR', 'America/Argentina/Ushuaia'),
(31, 'AS', 'Pacific/Pago_Pago'),
(32, 'AT', 'Europe/Vienna'),
(33, 'AU', 'Australia/Lord_Howe'),
(34, 'AU', 'Antarctica/Macquarie'),
(35, 'AU', 'Australia/Hobart'),
(36, 'AU', 'Australia/Currie'),
(37, 'AU', 'Australia/Melbourne'),
(38, 'AU', 'Australia/Sydney'),
(39, 'AU', 'Australia/Broken_Hill'),
(40, 'AU', 'Australia/Brisbane'),
(41, 'AU', 'Australia/Lindeman'),
(42, 'AU', 'Australia/Adelaide'),
(43, 'AU', 'Australia/Darwin'),
(44, 'AU', 'Australia/Perth'),
(45, 'AU', 'Australia/Eucla'),
(46, 'AW', 'America/Aruba'),
(47, 'AX', 'Europe/Mariehamn'),
(48, 'AZ', 'Asia/Baku'),
(49, 'BA', 'Europe/Sarajevo'),
(50, 'BB', 'America/Barbados'),
(51, 'BD', 'Asia/Dhaka'),
(52, 'BE', 'Europe/Brussels'),
(53, 'BF', 'Africa/Ouagadougou'),
(54, 'BG', 'Europe/Sofia'),
(55, 'BH', 'Asia/Bahrain'),
(56, 'BI', 'Africa/Bujumbura'),
(57, 'BJ', 'Africa/Porto-Novo'),
(58, 'BL', 'America/St_Barthelemy'),
(59, 'BM', 'Atlantic/Bermuda'),
(60, 'BN', 'Asia/Brunei'),
(61, 'BO', 'America/La_Paz'),
(62, 'BQ', 'America/Kralendijk'),
(63, 'BR', 'America/Noronha'),
(64, 'BR', 'America/Belem'),
(65, 'BR', 'America/Fortaleza'),
(66, 'BR', 'America/Recife'),
(67, 'BR', 'America/Araguaina'),
(68, 'BR', 'America/Maceio'),
(69, 'BR', 'America/Bahia'),
(70, 'BR', 'America/Sao_Paulo'),
(71, 'BR', 'America/Campo_Grande'),
(72, 'BR', 'America/Cuiaba'),
(73, 'BR', 'America/Santarem'),
(74, 'BR', 'America/Porto_Velho'),
(75, 'BR', 'America/Boa_Vista'),
(76, 'BR', 'America/Manaus'),
(77, 'BR', 'America/Eirunepe'),
(78, 'BR', 'America/Rio_Branco'),
(79, 'BS', 'America/Nassau'),
(80, 'BT', 'Asia/Thimphu'),
(81, 'BW', 'Africa/Gaborone'),
(82, 'BY', 'Europe/Minsk'),
(83, 'BZ', 'America/Belize'),
(84, 'CA', 'America/St_Johns'),
(85, 'CA', 'America/Halifax'),
(86, 'CA', 'America/Glace_Bay'),
(87, 'CA', 'America/Moncton'),
(88, 'CA', 'America/Goose_Bay'),
(89, 'CA', 'America/Blanc-Sablon'),
(90, 'CA', 'America/Toronto'),
(91, 'CA', 'America/Nipigon'),
(92, 'CA', 'America/Thunder_Bay'),
(93, 'CA', 'America/Iqaluit'),
(94, 'CA', 'America/Pangnirtung'),
(95, 'CA', 'America/Atikokan'),
(96, 'CA', 'America/Winnipeg'),
(97, 'CA', 'America/Rainy_River'),
(98, 'CA', 'America/Resolute'),
(99, 'CA', 'America/Rankin_Inlet'),
(100, 'CA', 'America/Regina'),
(101, 'CA', 'America/Swift_Current'),
(102, 'CA', 'America/Edmonton'),
(103, 'CA', 'America/Cambridge_Bay'),
(104, 'CA', 'America/Yellowknife'),
(105, 'CA', 'America/Inuvik'),
(106, 'CA', 'America/Creston'),
(107, 'CA', 'America/Dawson_Creek'),
(108, 'CA', 'America/Fort_Nelson'),
(109, 'CA', 'America/Vancouver'),
(110, 'CA', 'America/Whitehorse'),
(111, 'CA', 'America/Dawson'),
(112, 'CC', 'Indian/Cocos'),
(113, 'CD', 'Africa/Kinshasa'),
(114, 'CD', 'Africa/Lubumbashi'),
(115, 'CF', 'Africa/Bangui'),
(116, 'CG', 'Africa/Brazzaville'),
(117, 'CH', 'Europe/Zurich'),
(118, 'CI', 'Africa/Abidjan'),
(119, 'CK', 'Pacific/Rarotonga'),
(120, 'CL', 'America/Santiago'),
(121, 'CL', 'Pacific/Easter'),
(122, 'CM', 'Africa/Douala'),
(123, 'CN', 'Asia/Shanghai'),
(124, 'CN', 'Asia/Urumqi'),
(125, 'CO', 'America/Bogota'),
(126, 'CR', 'America/Costa_Rica'),
(127, 'CU', 'America/Havana'),
(128, 'CV', 'Atlantic/Cape_Verde'),
(129, 'CW', 'America/Curacao'),
(130, 'CX', 'Indian/Christmas'),
(131, 'CY', 'Asia/Nicosia'),
(132, 'CZ', 'Europe/Prague'),
(133, 'DE', 'Europe/Berlin'),
(134, 'DE', 'Europe/Busingen'),
(135, 'DJ', 'Africa/Djibouti'),
(136, 'DK', 'Europe/Copenhagen'),
(137, 'DM', 'America/Dominica'),
(138, 'DO', 'America/Santo_Domingo'),
(139, 'DZ', 'Africa/Algiers'),
(140, 'EC', 'America/Guayaquil'),
(141, 'EC', 'Pacific/Galapagos'),
(142, 'EE', 'Europe/Tallinn'),
(143, 'EG', 'Africa/Cairo'),
(144, 'EH', 'Africa/El_Aaiun'),
(145, 'ER', 'Africa/Asmara'),
(146, 'ES', 'Europe/Madrid'),
(147, 'ES', 'Africa/Ceuta'),
(148, 'ES', 'Atlantic/Canary'),
(149, 'ET', 'Africa/Addis_Ababa'),
(150, 'FI', 'Europe/Helsinki'),
(151, 'FJ', 'Pacific/Fiji'),
(152, 'FK', 'Atlantic/Stanley'),
(153, 'FM', 'Pacific/Chuuk'),
(154, 'FM', 'Pacific/Pohnpei'),
(155, 'FM', 'Pacific/Kosrae'),
(156, 'FO', 'Atlantic/Faroe'),
(157, 'FR', 'Europe/Paris'),
(158, 'GA', 'Africa/Libreville'),
(159, 'GB', 'Europe/London'),
(160, 'GD', 'America/Grenada'),
(161, 'GE', 'Asia/Tbilisi'),
(162, 'GF', 'America/Cayenne'),
(163, 'GG', 'Europe/Guernsey'),
(164, 'GH', 'Africa/Accra'),
(165, 'GI', 'Europe/Gibraltar'),
(166, 'GL', 'America/Godthab'),
(167, 'GL', 'America/Danmarkshavn'),
(168, 'GL', 'America/Scoresbysund'),
(169, 'GL', 'America/Thule'),
(170, 'GM', 'Africa/Banjul'),
(171, 'GN', 'Africa/Conakry'),
(172, 'GP', 'America/Guadeloupe'),
(173, 'GQ', 'Africa/Malabo'),
(174, 'GR', 'Europe/Athens'),
(175, 'GS', 'Atlantic/South_Georgia'),
(176, 'GT', 'America/Guatemala'),
(177, 'GU', 'Pacific/Guam'),
(178, 'GW', 'Africa/Bissau'),
(179, 'GY', 'America/Guyana'),
(180, 'HK', 'Asia/Hong_Kong'),
(181, 'HN', 'America/Tegucigalpa'),
(182, 'HR', 'Europe/Zagreb'),
(183, 'HT', 'America/Port-au-Prince'),
(184, 'HU', 'Europe/Budapest'),
(185, 'ID', 'Asia/Jakarta'),
(186, 'ID', 'Asia/Pontianak'),
(187, 'ID', 'Asia/Makassar'),
(188, 'ID', 'Asia/Jayapura'),
(189, 'IE', 'Europe/Dublin'),
(190, 'IL', 'Asia/Jerusalem'),
(191, 'IM', 'Europe/Isle_of_Man'),
(192, 'IN', 'Asia/Kolkata'),
(193, 'IO', 'Indian/Chagos'),
(194, 'IQ', 'Asia/Baghdad'),
(195, 'IR', 'Asia/Tehran'),
(196, 'IS', 'Atlantic/Reykjavik'),
(197, 'IT', 'Europe/Rome'),
(198, 'JE', 'Europe/Jersey'),
(199, 'JM', 'America/Jamaica'),
(200, 'JO', 'Asia/Amman'),
(201, 'JP', 'Asia/Tokyo'),
(202, 'KE', 'Africa/Nairobi'),
(203, 'KG', 'Asia/Bishkek'),
(204, 'KH', 'Asia/Phnom_Penh'),
(205, 'KI', 'Pacific/Tarawa'),
(206, 'KI', 'Pacific/Enderbury'),
(207, 'KI', 'Pacific/Kiritimati'),
(208, 'KM', 'Indian/Comoro'),
(209, 'KN', 'America/St_Kitts'),
(210, 'KP', 'Asia/Pyongyang'),
(211, 'KR', 'Asia/Seoul'),
(212, 'KW', 'Asia/Kuwait'),
(213, 'KY', 'America/Cayman'),
(214, 'KZ', 'Asia/Almaty'),
(215, 'KZ', 'Asia/Qyzylorda'),
(216, 'KZ', 'Asia/Aqtobe'),
(217, 'KZ', 'Asia/Aqtau'),
(218, 'KZ', 'Asia/Oral'),
(219, 'LA', 'Asia/Vientiane'),
(220, 'LB', 'Asia/Beirut'),
(221, 'LC', 'America/St_Lucia'),
(222, 'LI', 'Europe/Vaduz'),
(223, 'LK', 'Asia/Colombo'),
(224, 'LR', 'Africa/Monrovia'),
(225, 'LS', 'Africa/Maseru'),
(226, 'LT', 'Europe/Vilnius'),
(227, 'LU', 'Europe/Luxembourg'),
(228, 'LV', 'Europe/Riga'),
(229, 'LY', 'Africa/Tripoli'),
(230, 'MA', 'Africa/Casablanca'),
(231, 'MC', 'Europe/Monaco'),
(232, 'MD', 'Europe/Chisinau'),
(233, 'ME', 'Europe/Podgorica'),
(234, 'MF', 'America/Marigot'),
(235, 'MG', 'Indian/Antananarivo'),
(236, 'MH', 'Pacific/Majuro'),
(237, 'MH', 'Pacific/Kwajalein'),
(238, 'MK', 'Europe/Skopje'),
(239, 'ML', 'Africa/Bamako'),
(240, 'MM', 'Asia/Rangoon'),
(241, 'MN', 'Asia/Ulaanbaatar'),
(242, 'MN', 'Asia/Hovd'),
(243, 'MN', 'Asia/Choibalsan'),
(244, 'MO', 'Asia/Macau'),
(245, 'MP', 'Pacific/Saipan'),
(246, 'MQ', 'America/Martinique'),
(247, 'MR', 'Africa/Nouakchott'),
(248, 'MS', 'America/Montserrat'),
(249, 'MT', 'Europe/Malta'),
(250, 'MU', 'Indian/Mauritius'),
(251, 'MV', 'Indian/Maldives'),
(252, 'MW', 'Africa/Blantyre'),
(253, 'MX', 'America/Mexico_City'),
(254, 'MX', 'America/Cancun'),
(255, 'MX', 'America/Merida'),
(256, 'MX', 'America/Monterrey'),
(257, 'MX', 'America/Matamoros'),
(258, 'MX', 'America/Mazatlan'),
(259, 'MX', 'America/Chihuahua'),
(260, 'MX', 'America/Ojinaga'),
(261, 'MX', 'America/Hermosillo'),
(262, 'MX', 'America/Tijuana'),
(263, 'MX', 'America/Bahia_Banderas'),
(264, 'MY', 'Asia/Kuala_Lumpur'),
(265, 'MY', 'Asia/Kuching'),
(266, 'MZ', 'Africa/Maputo'),
(267, 'NA', 'Africa/Windhoek'),
(268, 'NC', 'Pacific/Noumea'),
(269, 'NE', 'Africa/Niamey'),
(270, 'NF', 'Pacific/Norfolk'),
(271, 'NG', 'Africa/Lagos'),
(272, 'NI', 'America/Managua'),
(273, 'NL', 'Europe/Amsterdam'),
(274, 'NO', 'Europe/Oslo'),
(275, 'NP', 'Asia/Kathmandu'),
(276, 'NR', 'Pacific/Nauru'),
(277, 'NU', 'Pacific/Niue'),
(278, 'NZ', 'Pacific/Auckland'),
(279, 'NZ', 'Pacific/Chatham'),
(280, 'OM', 'Asia/Muscat'),
(281, 'PA', 'America/Panama'),
(282, 'PE', 'America/Lima'),
(283, 'PF', 'Pacific/Tahiti'),
(284, 'PF', 'Pacific/Marquesas'),
(285, 'PF', 'Pacific/Gambier'),
(286, 'PG', 'Pacific/Port_Moresby'),
(287, 'PG', 'Pacific/Bougainville'),
(288, 'PH', 'Asia/Manila'),
(289, 'PK', 'Asia/Karachi'),
(290, 'PL', 'Europe/Warsaw'),
(291, 'PM', 'America/Miquelon'),
(292, 'PN', 'Pacific/Pitcairn'),
(293, 'PR', 'America/Puerto_Rico'),
(294, 'PS', 'Asia/Gaza'),
(295, 'PS', 'Asia/Hebron'),
(296, 'PT', 'Europe/Lisbon'),
(297, 'PT', 'Atlantic/Madeira'),
(298, 'PT', 'Atlantic/Azores'),
(299, 'PW', 'Pacific/Palau'),
(300, 'PY', 'America/Asuncion'),
(301, 'QA', 'Asia/Qatar'),
(302, 'RE', 'Indian/Reunion'),
(303, 'RO', 'Europe/Bucharest'),
(304, 'RS', 'Europe/Belgrade'),
(305, 'RU', 'Europe/Kaliningrad'),
(306, 'RU', 'Europe/Moscow'),
(307, 'RU', 'Europe/Simferopol'),
(308, 'RU', 'Europe/Volgograd'),
(309, 'RU', 'Europe/Kirov'),
(310, 'RU', 'Europe/Astrakhan'),
(311, 'RU', 'Europe/Samara'),
(312, 'RU', 'Europe/Ulyanovsk'),
(313, 'RU', 'Asia/Yekaterinburg'),
(314, 'RU', 'Asia/Omsk'),
(315, 'RU', 'Asia/Novosibirsk'),
(316, 'RU', 'Asia/Barnaul'),
(317, 'RU', 'Asia/Tomsk'),
(318, 'RU', 'Asia/Novokuznetsk'),
(319, 'RU', 'Asia/Krasnoyarsk'),
(320, 'RU', 'Asia/Irkutsk'),
(321, 'RU', 'Asia/Chita'),
(322, 'RU', 'Asia/Yakutsk'),
(323, 'RU', 'Asia/Khandyga'),
(324, 'RU', 'Asia/Vladivostok'),
(325, 'RU', 'Asia/Ust-Nera'),
(326, 'RU', 'Asia/Magadan'),
(327, 'RU', 'Asia/Sakhalin'),
(328, 'RU', 'Asia/Srednekolymsk'),
(329, 'RU', 'Asia/Kamchatka'),
(330, 'RU', 'Asia/Anadyr'),
(331, 'RW', 'Africa/Kigali'),
(332, 'SA', 'Asia/Riyadh'),
(333, 'SB', 'Pacific/Guadalcanal'),
(334, 'SC', 'Indian/Mahe'),
(335, 'SD', 'Africa/Khartoum'),
(336, 'SE', 'Europe/Stockholm'),
(337, 'SG', 'Asia/Singapore'),
(338, 'SH', 'Atlantic/St_Helena'),
(339, 'SI', 'Europe/Ljubljana'),
(340, 'SJ', 'Arctic/Longyearbyen'),
(341, 'SK', 'Europe/Bratislava'),
(342, 'SL', 'Africa/Freetown'),
(343, 'SM', 'Europe/San_Marino'),
(344, 'SN', 'Africa/Dakar'),
(345, 'SO', 'Africa/Mogadishu'),
(346, 'SR', 'America/Paramaribo'),
(347, 'SS', 'Africa/Juba'),
(348, 'ST', 'Africa/Sao_Tome'),
(349, 'SV', 'America/El_Salvador'),
(350, 'SX', 'America/Lower_Princes'),
(351, 'SY', 'Asia/Damascus'),
(352, 'SZ', 'Africa/Mbabane'),
(353, 'TC', 'America/Grand_Turk'),
(354, 'TD', 'Africa/Ndjamena'),
(355, 'TF', 'Indian/Kerguelen'),
(356, 'TG', 'Africa/Lome'),
(357, 'TH', 'Asia/Bangkok'),
(358, 'TJ', 'Asia/Dushanbe'),
(359, 'TK', 'Pacific/Fakaofo'),
(360, 'TL', 'Asia/Dili'),
(361, 'TM', 'Asia/Ashgabat'),
(362, 'TN', 'Africa/Tunis'),
(363, 'TO', 'Pacific/Tongatapu'),
(364, 'TR', 'Europe/Istanbul'),
(365, 'TT', 'America/Port_of_Spain'),
(366, 'TV', 'Pacific/Funafuti'),
(367, 'TW', 'Asia/Taipei'),
(368, 'TZ', 'Africa/Dar_es_Salaam'),
(369, 'UA', 'Europe/Kiev'),
(370, 'UA', 'Europe/Uzhgorod'),
(371, 'UA', 'Europe/Zaporozhye'),
(372, 'UG', 'Africa/Kampala'),
(373, 'UM', 'Pacific/Johnston'),
(374, 'UM', 'Pacific/Midway'),
(375, 'UM', 'Pacific/Wake'),
(376, 'US', 'America/New_York'),
(377, 'US', 'America/Detroit'),
(378, 'US', 'America/Kentucky/Louisville'),
(379, 'US', 'America/Kentucky/Monticello'),
(380, 'US', 'America/Indiana/Indianapolis'),
(381, 'US', 'America/Indiana/Vincennes'),
(382, 'US', 'America/Indiana/Winamac'),
(383, 'US', 'America/Indiana/Marengo'),
(384, 'US', 'America/Indiana/Petersburg'),
(385, 'US', 'America/Indiana/Vevay'),
(386, 'US', 'America/Chicago'),
(387, 'US', 'America/Indiana/Tell_City'),
(388, 'US', 'America/Indiana/Knox'),
(389, 'US', 'America/Menominee'),
(390, 'US', 'America/North_Dakota/Center'),
(391, 'US', 'America/North_Dakota/New_Salem'),
(392, 'US', 'America/North_Dakota/Beulah'),
(393, 'US', 'America/Denver'),
(394, 'US', 'America/Boise'),
(395, 'US', 'America/Phoenix'),
(396, 'US', 'America/Los_Angeles'),
(397, 'US', 'America/Anchorage'),
(398, 'US', 'America/Juneau'),
(399, 'US', 'America/Sitka'),
(400, 'US', 'America/Metlakatla'),
(401, 'US', 'America/Yakutat'),
(402, 'US', 'America/Nome'),
(403, 'US', 'America/Adak'),
(404, 'US', 'Pacific/Honolulu'),
(405, 'UY', 'America/Montevideo'),
(406, 'UZ', 'Asia/Samarkand'),
(407, 'UZ', 'Asia/Tashkent'),
(408, 'VA', 'Europe/Vatican'),
(409, 'VC', 'America/St_Vincent'),
(410, 'VE', 'America/Caracas'),
(411, 'VG', 'America/Tortola'),
(412, 'VI', 'America/St_Thomas'),
(413, 'VN', 'Asia/Ho_Chi_Minh'),
(414, 'VU', 'Pacific/Efate'),
(415, 'WF', 'Pacific/Wallis'),
(416, 'WS', 'Pacific/Apia'),
(417, 'YE', 'Asia/Aden'),
(418, 'YT', 'Indian/Mayotte'),
(419, 'ZA', 'Africa/Johannesburg'),
(420, 'ZM', 'Africa/Lusaka'),
(421, 'ZW', 'Africa/Harare');

-- --------------------------------------------------------

--
-- Table structure for table `users`
--

CREATE TABLE `users` (
  `id` int(11) NOT NULL,
  `fullname` varchar(499) COLLATE utf8_unicode_ci NOT NULL,
  `email` varchar(255) COLLATE utf8_unicode_ci NOT NULL,
  `password` varchar(499) COLLATE utf8_unicode_ci NOT NULL,
  `role_id` int(11) NOT NULL,
  `outlet_id` int(11) NOT NULL,
  `created_user_id` int(11) NOT NULL,
  `created_datetime` datetime NOT NULL,
  `updated_user_id` int(11) NOT NULL,
  `updated_datetime` datetime NOT NULL,
  `status` int(1) NOT NULL
) ENGINE=MyISAM DEFAULT CHARSET=utf8 COLLATE=utf8_unicode_ci;

--
-- Dumping data for table `users`
--

INSERT INTO `users` (`id`, `fullname`, `email`, `password`, `role_id`, `outlet_id`, `created_user_id`, `created_datetime`, `updated_user_id`, `updated_datetime`, `status`) VALUES
(1, 'Owner', 'owner@gmail.com', '5f4dcc3b5aa765d61d8327deb882cf99', 1, 0, 1, '2016-08-27 00:00:00', 1, '2016-09-03 18:15:48', 1),
(2, 'Bugis Manager', 'bugismanager@gmail.com', '5f4dcc3b5aa765d61d8327deb882cf99', 2, 3, 1, '2016-08-27 12:30:07', 1, '2016-09-05 21:08:25', 1),
(3, 'Bugis Sales Staff', 'bugissales@gmail.com', '5f4dcc3b5aa765d61d8327deb882cf99', 3, 3, 2, '2016-08-27 12:32:17', 1, '2016-09-05 21:08:43', 1),
(4, 'Changi Manager', 'changimanager@gmail.com', '5f4dcc3b5aa765d61d8327deb882cf99', 2, 2, 1, '2016-08-27 12:35:03', 1, '2016-09-05 21:09:18', 1),
(5, 'Changi Sales', 'changisales@gmail.com', '5f4dcc3b5aa765d61d8327deb882cf99', 3, 2, 1, '2016-08-27 12:35:32', 1, '2016-09-05 21:08:32', 1),
(6, 'EMMANUEL WANYONYI', 'ewanyonyi@gmail.com', 'ae581798565c3b1c587905bff731b86a', 3, 3, 1, '2020-09-15 07:36:32', 0, '0000-00-00 00:00:00', 1);

-- --------------------------------------------------------

--
-- Table structure for table `user_roles`
--

CREATE TABLE `user_roles` (
  `id` int(11) NOT NULL,
  `name` varchar(255) COLLATE utf8_unicode_ci NOT NULL,
  `created_user_id` int(11) NOT NULL,
  `created_datetime` datetime NOT NULL,
  `updated_user_id` int(11) NOT NULL,
  `updated_datetime` datetime NOT NULL
) ENGINE=MyISAM DEFAULT CHARSET=utf8 COLLATE=utf8_unicode_ci;

--
-- Dumping data for table `user_roles`
--

INSERT INTO `user_roles` (`id`, `name`, `created_user_id`, `created_datetime`, `updated_user_id`, `updated_datetime`) VALUES
(1, 'Administrator', 1, '2016-08-16 00:00:00', 0, '0000-00-00 00:00:00'),
(2, 'Manager', 1, '2016-08-16 00:00:00', 0, '0000-00-00 00:00:00'),
(3, 'Sales Person', 1, '2016-08-16 00:00:00', 0, '0000-00-00 00:00:00');

--
-- Indexes for dumped tables
--

--
-- Indexes for table `category`
--
ALTER TABLE `category`
  ADD PRIMARY KEY (`id`);

--
-- Indexes for table `ci_sessions`
--
ALTER TABLE `ci_sessions`
  ADD PRIMARY KEY (`id`),
  ADD KEY `ci_sessions_timestamp` (`timestamp`);

--
-- Indexes for table `currency`
--
ALTER TABLE `currency`
  ADD PRIMARY KEY (`iso`),
  ADD UNIQUE KEY `name` (`name`);

--
-- Indexes for table `customers`
--
ALTER TABLE `customers`
  ADD PRIMARY KEY (`id`);

--
-- Indexes for table `expenses`
--
ALTER TABLE `expenses`
  ADD PRIMARY KEY (`id`);

--
-- Indexes for table `expense_categories`
--
ALTER TABLE `expense_categories`
  ADD PRIMARY KEY (`id`);

--
-- Indexes for table `gift_card`
--
ALTER TABLE `gift_card`
  ADD PRIMARY KEY (`id`);

--
-- Indexes for table `inventory`
--
ALTER TABLE `inventory`
  ADD PRIMARY KEY (`id`);

--
-- Indexes for table `orders`
--
ALTER TABLE `orders`
  ADD PRIMARY KEY (`id`);

--
-- Indexes for table `order_items`
--
ALTER TABLE `order_items`
  ADD PRIMARY KEY (`id`);

--
-- Indexes for table `outlets`
--
ALTER TABLE `outlets`
  ADD PRIMARY KEY (`id`);

--
-- Indexes for table `payment_method`
--
ALTER TABLE `payment_method`
  ADD PRIMARY KEY (`id`);

--
-- Indexes for table `products`
--
ALTER TABLE `products`
  ADD PRIMARY KEY (`id`);

--
-- Indexes for table `purchase_order`
--
ALTER TABLE `purchase_order`
  ADD PRIMARY KEY (`id`);

--
-- Indexes for table `purchase_order_items`
--
ALTER TABLE `purchase_order_items`
  ADD PRIMARY KEY (`id`);

--
-- Indexes for table `purchase_order_status`
--
ALTER TABLE `purchase_order_status`
  ADD PRIMARY KEY (`id`);

--
-- Indexes for table `return_items`
--
ALTER TABLE `return_items`
  ADD PRIMARY KEY (`id`);

--
-- Indexes for table `site_setting`
--
ALTER TABLE `site_setting`
  ADD PRIMARY KEY (`id`);

--
-- Indexes for table `suppliers`
--
ALTER TABLE `suppliers`
  ADD PRIMARY KEY (`id`);

--
-- Indexes for table `suspend`
--
ALTER TABLE `suspend`
  ADD PRIMARY KEY (`id`);

--
-- Indexes for table `suspend_items`
--
ALTER TABLE `suspend_items`
  ADD PRIMARY KEY (`id`);

--
-- Indexes for table `timezones`
--
ALTER TABLE `timezones`
  ADD PRIMARY KEY (`id`);

--
-- Indexes for table `users`
--
ALTER TABLE `users`
  ADD PRIMARY KEY (`id`);

--
-- Indexes for table `user_roles`
--
ALTER TABLE `user_roles`
  ADD PRIMARY KEY (`id`);

--
-- AUTO_INCREMENT for dumped tables
--

--
-- AUTO_INCREMENT for table `category`
--
ALTER TABLE `category`
  MODIFY `id` int(11) NOT NULL AUTO_INCREMENT, AUTO_INCREMENT=13;
--
-- AUTO_INCREMENT for table `customers`
--
ALTER TABLE `customers`
  MODIFY `id` int(11) NOT NULL AUTO_INCREMENT, AUTO_INCREMENT=3;
--
-- AUTO_INCREMENT for table `expenses`
--
ALTER TABLE `expenses`
  MODIFY `id` int(11) NOT NULL AUTO_INCREMENT, AUTO_INCREMENT=2;
--
-- AUTO_INCREMENT for table `expense_categories`
--
ALTER TABLE `expense_categories`
  MODIFY `id` int(11) NOT NULL AUTO_INCREMENT, AUTO_INCREMENT=5;
--
-- AUTO_INCREMENT for table `gift_card`
--
ALTER TABLE `gift_card`
  MODIFY `id` int(11) NOT NULL AUTO_INCREMENT;
--
-- AUTO_INCREMENT for table `inventory`
--
ALTER TABLE `inventory`
  MODIFY `id` int(11) NOT NULL AUTO_INCREMENT, AUTO_INCREMENT=77;
--
-- AUTO_INCREMENT for table `orders`
--
ALTER TABLE `orders`
  MODIFY `id` int(11) NOT NULL AUTO_INCREMENT, AUTO_INCREMENT=18;
--
-- AUTO_INCREMENT for table `order_items`
--
ALTER TABLE `order_items`
  MODIFY `id` int(11) NOT NULL AUTO_INCREMENT, AUTO_INCREMENT=34;
--
-- AUTO_INCREMENT for table `outlets`
--
ALTER TABLE `outlets`
  MODIFY `id` int(11) NOT NULL AUTO_INCREMENT, AUTO_INCREMENT=4;
--
-- AUTO_INCREMENT for table `payment_method`
--
ALTER TABLE `payment_method`
  MODIFY `id` int(11) NOT NULL AUTO_INCREMENT, AUTO_INCREMENT=8;
--
-- AUTO_INCREMENT for table `products`
--
ALTER TABLE `products`
  MODIFY `id` int(11) NOT NULL AUTO_INCREMENT, AUTO_INCREMENT=89;
--
-- AUTO_INCREMENT for table `purchase_order`
--
ALTER TABLE `purchase_order`
  MODIFY `id` int(11) NOT NULL AUTO_INCREMENT, AUTO_INCREMENT=2;
--
-- AUTO_INCREMENT for table `purchase_order_items`
--
ALTER TABLE `purchase_order_items`
  MODIFY `id` int(11) NOT NULL AUTO_INCREMENT, AUTO_INCREMENT=2;
--
-- AUTO_INCREMENT for table `purchase_order_status`
--
ALTER TABLE `purchase_order_status`
  MODIFY `id` int(11) NOT NULL AUTO_INCREMENT, AUTO_INCREMENT=4;
--
-- AUTO_INCREMENT for table `return_items`
--
ALTER TABLE `return_items`
  MODIFY `id` int(11) NOT NULL AUTO_INCREMENT;
--
-- AUTO_INCREMENT for table `site_setting`
--
ALTER TABLE `site_setting`
  MODIFY `id` int(11) NOT NULL AUTO_INCREMENT, AUTO_INCREMENT=2;
--
-- AUTO_INCREMENT for table `suppliers`
--
ALTER TABLE `suppliers`
  MODIFY `id` int(11) NOT NULL AUTO_INCREMENT, AUTO_INCREMENT=4;
--
-- AUTO_INCREMENT for table `suspend`
--
ALTER TABLE `suspend`
  MODIFY `id` int(11) NOT NULL AUTO_INCREMENT;
--
-- AUTO_INCREMENT for table `suspend_items`
--
ALTER TABLE `suspend_items`
  MODIFY `id` int(11) NOT NULL AUTO_INCREMENT;
--
-- AUTO_INCREMENT for table `timezones`
--
ALTER TABLE `timezones`
  MODIFY `id` int(11) NOT NULL AUTO_INCREMENT, AUTO_INCREMENT=422;
--
-- AUTO_INCREMENT for table `users`
--
ALTER TABLE `users`
  MODIFY `id` int(11) NOT NULL AUTO_INCREMENT, AUTO_INCREMENT=7;
--
-- AUTO_INCREMENT for table `user_roles`
--
ALTER TABLE `user_roles`
  MODIFY `id` int(11) NOT NULL AUTO_INCREMENT, AUTO_INCREMENT=4;
/*!40101 SET CHARACTER_SET_CLIENT=@OLD_CHARACTER_SET_CLIENT */;
/*!40101 SET CHARACTER_SET_RESULTS=@OLD_CHARACTER_SET_RESULTS */;
/*!40101 SET COLLATION_CONNECTION=@OLD_COLLATION_CONNECTION */;
